LookupType|LookupCode|DisplaySequence|EnabledFlag|StartDateActive|EndDateActive|Meaning|Description|Tag
WSC_BS_ACCOUNT_NATURAL_SIGN|Sr No|1|N|1/1/1951||Sr No|Account Number|Balance Type
WSC_BS_ACCOUNT_NATURAL_SIGN|1||Y|1/1/1951||1|100000|Debit
WSC_BS_ACCOUNT_NATURAL_SIGN|2||Y|1/1/1951||2|110000|Debit
WSC_BS_ACCOUNT_NATURAL_SIGN|3||Y|1/1/1951||3|111000|Debit
WSC_BS_ACCOUNT_NATURAL_SIGN|4||Y|1/1/1951||4|111001|Debit
WSC_BS_ACCOUNT_NATURAL_SIGN|5||Y|1/1/1951||5|111002|Debit
WSC_BS_ACCOUNT_NATURAL_SIGN|6||Y|1/1/1951||6|111003|Debit
WSC_BS_ACCOUNT_NATURAL_SIGN|7||Y|1/1/1951||7|111004|Debit
WSC_BS_ACCOUNT_NATURAL_SIGN|8||Y|1/1/1951||8|111005|Debit
WSC_BS_ACCOUNT_NATURAL_SIGN|9||Y|1/1/1951||9|111006|Debit
WSC_BS_ACCOUNT_NATURAL_SIGN|10||Y|1/1/1951||10|111007|Debit
WSC_BS_ACCOUNT_NATURAL_SIGN|11||Y|1/1/1951||11|111008|Debit
WSC_BS_ACCOUNT_NATURAL_SIGN|12||Y|1/1/1951||12|111009|Debit
WSC_BS_ACCOUNT_NATURAL_SIGN|13||Y|1/1/1951||13|111010|Debit
WSC_BS_ACCOUNT_NATURAL_SIGN|14||Y|1/1/1951||14|111011|Debit
WSC_BS_ACCOUNT_NATURAL_SIGN|15||Y|1/1/1951||15|111012|Debit
WSC_BS_ACCOUNT_NATURAL_SIGN|16||Y|1/1/1951||16|111013|Debit
WSC_BS_ACCOUNT_NATURAL_SIGN|17||Y|1/1/1951||17|111014|Debit
WSC_BS_ACCOUNT_NATURAL_SIGN|18||Y|1/1/1951||18|111015|Debit
WSC_BS_ACCOUNT_NATURAL_SIGN|19||Y|1/1/1951||19|111016|Debit
WSC_BS_ACCOUNT_NATURAL_SIGN|20||Y|1/1/1951||20|111017|Debit
WSC_BS_ACCOUNT_NATURAL_SIGN|21||Y|1/1/1951||21|111018|Debit
WSC_BS_ACCOUNT_NATURAL_SIGN|22||Y|1/1/1951||22|111020|Debit
WSC_BS_ACCOUNT_NATURAL_SIGN|23||Y|1/1/1951||23|111021|Debit
WSC_BS_ACCOUNT_NATURAL_SIGN|24||Y|1/1/1951||24|111022|Debit
WSC_BS_ACCOUNT_NATURAL_SIGN|25||Y|1/1/1951||25|111023|Debit
WSC_BS_ACCOUNT_NATURAL_SIGN|26||Y|1/1/1951||26|111024|Debit
WSC_BS_ACCOUNT_NATURAL_SIGN|27||Y|1/1/1951||27|111025|Debit
WSC_BS_ACCOUNT_NATURAL_SIGN|28||Y|1/1/1951||28|111026|Debit
WSC_BS_ACCOUNT_NATURAL_SIGN|29||Y|1/1/1951||29|111027|Debit
WSC_BS_ACCOUNT_NATURAL_SIGN|30||Y|1/1/1951||30|111028|Debit
WSC_BS_ACCOUNT_NATURAL_SIGN|31||Y|1/1/1951||31|111029|Debit
WSC_BS_ACCOUNT_NATURAL_SIGN|32||Y|1/1/1951||32|111031|Debit
WSC_BS_ACCOUNT_NATURAL_SIGN|33||Y|1/1/1951||33|111032|Debit
WSC_BS_ACCOUNT_NATURAL_SIGN|34||Y|1/1/1951||34|111033|Debit
WSC_BS_ACCOUNT_NATURAL_SIGN|35||Y|1/1/1951||35|111034|Debit
WSC_BS_ACCOUNT_NATURAL_SIGN|36||Y|1/1/1951||36|111035|Debit
WSC_BS_ACCOUNT_NATURAL_SIGN|37||Y|1/1/1951||37|111036|Debit
WSC_BS_ACCOUNT_NATURAL_SIGN|38||Y|1/1/1951||38|111037|Debit
WSC_BS_ACCOUNT_NATURAL_SIGN|39||Y|1/1/1951||39|111038|Debit
WSC_BS_ACCOUNT_NATURAL_SIGN|40||Y|1/1/1951||40|111039|Debit
WSC_BS_ACCOUNT_NATURAL_SIGN|41||Y|1/1/1951||41|111040|Debit
WSC_BS_ACCOUNT_NATURAL_SIGN|42||Y|1/1/1951||42|111041|Debit
WSC_BS_ACCOUNT_NATURAL_SIGN|43||Y|1/1/1951||43|111042|Debit
WSC_BS_ACCOUNT_NATURAL_SIGN|44||Y|1/1/1951||44|111043|Debit
WSC_BS_ACCOUNT_NATURAL_SIGN|45||Y|1/1/1951||45|111044|Debit
WSC_BS_ACCOUNT_NATURAL_SIGN|46||Y|1/1/1951||46|111045|Debit
WSC_BS_ACCOUNT_NATURAL_SIGN|47||Y|1/1/1951||47|111046|Debit
WSC_BS_ACCOUNT_NATURAL_SIGN|48||Y|1/1/1951||48|111047|Debit
WSC_BS_ACCOUNT_NATURAL_SIGN|49||Y|1/1/1951||49|111048|Debit
WSC_BS_ACCOUNT_NATURAL_SIGN|50||Y|1/1/1951||50|111049|Debit
WSC_BS_ACCOUNT_NATURAL_SIGN|51||Y|1/1/1951||51|111050|Debit
WSC_BS_ACCOUNT_NATURAL_SIGN|52||Y|1/1/1951||52|111051|Debit
WSC_BS_ACCOUNT_NATURAL_SIGN|53||Y|1/1/1951||53|111052|Debit
WSC_BS_ACCOUNT_NATURAL_SIGN|54||Y|1/1/1951||54|111053|Debit
WSC_BS_ACCOUNT_NATURAL_SIGN|55||Y|1/1/1951||55|111054|Debit
WSC_BS_ACCOUNT_NATURAL_SIGN|56||Y|1/1/1951||56|111055|Debit
WSC_BS_ACCOUNT_NATURAL_SIGN|57||Y|1/1/1951||57|111056|Debit
WSC_BS_ACCOUNT_NATURAL_SIGN|58||Y|1/1/1951||58|111057|Debit
WSC_BS_ACCOUNT_NATURAL_SIGN|59||Y|1/1/1951||59|111058|Debit
WSC_BS_ACCOUNT_NATURAL_SIGN|60||Y|1/1/1951||60|111059|Debit
WSC_BS_ACCOUNT_NATURAL_SIGN|61||Y|1/1/1951||61|111060|Debit
WSC_BS_ACCOUNT_NATURAL_SIGN|62||Y|1/1/1951||62|111061|Debit
WSC_BS_ACCOUNT_NATURAL_SIGN|63||Y|1/1/1951||63|111062|Debit
WSC_BS_ACCOUNT_NATURAL_SIGN|64||Y|1/1/1951||64|111063|Debit
WSC_BS_ACCOUNT_NATURAL_SIGN|65||Y|1/1/1951||65|111064|Debit
WSC_BS_ACCOUNT_NATURAL_SIGN|66||Y|1/1/1951||66|111065|Debit
WSC_BS_ACCOUNT_NATURAL_SIGN|67||Y|1/1/1951||67|111066|Debit
WSC_BS_ACCOUNT_NATURAL_SIGN|68||Y|1/1/1951||68|111067|Debit
WSC_BS_ACCOUNT_NATURAL_SIGN|69||Y|1/1/1951||69|111068|Debit
WSC_BS_ACCOUNT_NATURAL_SIGN|70||Y|1/1/1951||70|111069|Debit
WSC_BS_ACCOUNT_NATURAL_SIGN|71||Y|1/1/1951||71|111070|Debit
WSC_BS_ACCOUNT_NATURAL_SIGN|72||Y|1/1/1951||72|111071|Debit
WSC_BS_ACCOUNT_NATURAL_SIGN|73||Y|1/1/1951||73|111072|Debit
WSC_BS_ACCOUNT_NATURAL_SIGN|74||Y|1/1/1951||74|111073|Debit
WSC_BS_ACCOUNT_NATURAL_SIGN|75||Y|1/1/1951||75|111074|Debit
WSC_BS_ACCOUNT_NATURAL_SIGN|76||Y|1/1/1951||76|111075|Debit
WSC_BS_ACCOUNT_NATURAL_SIGN|77||Y|1/1/1951||77|111076|Debit
WSC_BS_ACCOUNT_NATURAL_SIGN|78||Y|1/1/1951||78|111077|Debit
WSC_BS_ACCOUNT_NATURAL_SIGN|79||Y|1/1/1951||79|111078|Debit
WSC_BS_ACCOUNT_NATURAL_SIGN|80||Y|1/1/1951||80|111079|Debit
WSC_BS_ACCOUNT_NATURAL_SIGN|81||Y|1/1/1951||81|111080|Debit
WSC_BS_ACCOUNT_NATURAL_SIGN|82||Y|1/1/1951||82|111081|Debit
WSC_BS_ACCOUNT_NATURAL_SIGN|83||Y|1/1/1951||83|111082|Debit
WSC_BS_ACCOUNT_NATURAL_SIGN|84||Y|1/1/1951||84|111083|Debit
WSC_BS_ACCOUNT_NATURAL_SIGN|85||Y|1/1/1951||85|111084|Debit
WSC_BS_ACCOUNT_NATURAL_SIGN|86||Y|1/1/1951||86|111085|Debit
WSC_BS_ACCOUNT_NATURAL_SIGN|87||Y|1/1/1951||87|111086|Debit
WSC_BS_ACCOUNT_NATURAL_SIGN|88||Y|1/1/1951||88|111087|Credit
WSC_BS_ACCOUNT_NATURAL_SIGN|89||Y|1/1/1951||89|111088|Debit
WSC_BS_ACCOUNT_NATURAL_SIGN|90||Y|1/1/1951||90|111089|Debit
WSC_BS_ACCOUNT_NATURAL_SIGN|91||Y|1/1/1951||91|111090|Debit
WSC_BS_ACCOUNT_NATURAL_SIGN|92||Y|1/1/1951||92|111091|Debit
WSC_BS_ACCOUNT_NATURAL_SIGN|93||Y|1/1/1951||93|111092|Debit
WSC_BS_ACCOUNT_NATURAL_SIGN|94||Y|1/1/1951||94|111093|Debit
WSC_BS_ACCOUNT_NATURAL_SIGN|95||Y|1/1/1951||95|111094|Debit
WSC_BS_ACCOUNT_NATURAL_SIGN|96||Y|1/1/1951||96|111095|Debit
WSC_BS_ACCOUNT_NATURAL_SIGN|97||Y|1/1/1951||97|111096|Debit
WSC_BS_ACCOUNT_NATURAL_SIGN|98||Y|1/1/1951||98|111097|Debit
WSC_BS_ACCOUNT_NATURAL_SIGN|99||Y|1/1/1951||99|111098|Debit
WSC_BS_ACCOUNT_NATURAL_SIGN|100||Y|1/1/1951||100|111099|Debit
WSC_BS_ACCOUNT_NATURAL_SIGN|101||Y|1/1/1951||101|111100|Debit
WSC_BS_ACCOUNT_NATURAL_SIGN|102||Y|1/1/1951||102|111101|Debit
WSC_BS_ACCOUNT_NATURAL_SIGN|103||Y|1/1/1951||103|111102|Debit
WSC_BS_ACCOUNT_NATURAL_SIGN|104||Y|1/1/1951||104|111103|Debit
WSC_BS_ACCOUNT_NATURAL_SIGN|105||Y|1/1/1951||105|111104|Debit
WSC_BS_ACCOUNT_NATURAL_SIGN|106||Y|1/1/1951||106|111105|Debit
WSC_BS_ACCOUNT_NATURAL_SIGN|107||Y|1/1/1951||107|111106|Debit
WSC_BS_ACCOUNT_NATURAL_SIGN|108||Y|1/1/1951||108|111107|Debit
WSC_BS_ACCOUNT_NATURAL_SIGN|109||Y|1/1/1951||109|111108|Debit
WSC_BS_ACCOUNT_NATURAL_SIGN|110||Y|1/1/1951||110|111109|Debit
WSC_BS_ACCOUNT_NATURAL_SIGN|111||Y|1/1/1951||111|111110|Debit
WSC_BS_ACCOUNT_NATURAL_SIGN|112||Y|1/1/1951||112|111111|Debit
WSC_BS_ACCOUNT_NATURAL_SIGN|113||Y|1/1/1951||113|111112|Debit
WSC_BS_ACCOUNT_NATURAL_SIGN|114||Y|1/1/1951||114|111113|Debit
WSC_BS_ACCOUNT_NATURAL_SIGN|115||Y|1/1/1951||115|111114|Debit
WSC_BS_ACCOUNT_NATURAL_SIGN|116||Y|1/1/1951||116|111115|Debit
WSC_BS_ACCOUNT_NATURAL_SIGN|117||Y|1/1/1951||117|111116|Debit
WSC_BS_ACCOUNT_NATURAL_SIGN|118||Y|1/1/1951||118|111117|Debit
WSC_BS_ACCOUNT_NATURAL_SIGN|119||Y|1/1/1951||119|111118|Debit
WSC_BS_ACCOUNT_NATURAL_SIGN|120||Y|1/1/1951||120|111119|Debit
WSC_BS_ACCOUNT_NATURAL_SIGN|121||Y|1/1/1951||121|111120|Debit
WSC_BS_ACCOUNT_NATURAL_SIGN|122||Y|1/1/1951||122|111121|Debit
WSC_BS_ACCOUNT_NATURAL_SIGN|123||Y|1/1/1951||123|111122|Debit
WSC_BS_ACCOUNT_NATURAL_SIGN|124||Y|1/1/1951||124|111123|Debit
WSC_BS_ACCOUNT_NATURAL_SIGN|125||Y|1/1/1951||125|111124|Debit
WSC_BS_ACCOUNT_NATURAL_SIGN|126||Y|1/1/1951||126|111125|Debit
WSC_BS_ACCOUNT_NATURAL_SIGN|127||Y|1/1/1951||127|111126|Debit
WSC_BS_ACCOUNT_NATURAL_SIGN|128||Y|1/1/1951||128|111127|Debit
WSC_BS_ACCOUNT_NATURAL_SIGN|129||Y|1/1/1951||129|111128|Debit
WSC_BS_ACCOUNT_NATURAL_SIGN|130||Y|1/1/1951||130|111129|Debit
WSC_BS_ACCOUNT_NATURAL_SIGN|131||Y|1/1/1951||131|111130|Debit
WSC_BS_ACCOUNT_NATURAL_SIGN|132||Y|1/1/1951||132|111131|Debit
WSC_BS_ACCOUNT_NATURAL_SIGN|133||Y|1/1/1951||133|111132|Debit
WSC_BS_ACCOUNT_NATURAL_SIGN|134||Y|1/1/1951||134|111133|Debit
WSC_BS_ACCOUNT_NATURAL_SIGN|135||Y|1/1/1951||135|111134|Debit
WSC_BS_ACCOUNT_NATURAL_SIGN|136||Y|1/1/1951||136|111135|Debit
WSC_BS_ACCOUNT_NATURAL_SIGN|137||Y|1/1/1951||137|111136|Debit
WSC_BS_ACCOUNT_NATURAL_SIGN|138||Y|1/1/1951||138|111137|Debit
WSC_BS_ACCOUNT_NATURAL_SIGN|139||Y|1/1/1951||139|111138|Debit
WSC_BS_ACCOUNT_NATURAL_SIGN|140||Y|1/1/1951||140|111139|Debit
WSC_BS_ACCOUNT_NATURAL_SIGN|141||Y|1/1/1951||141|111140|Debit
WSC_BS_ACCOUNT_NATURAL_SIGN|142||Y|1/1/1951||142|111141|Debit
WSC_BS_ACCOUNT_NATURAL_SIGN|143||Y|1/1/1951||143|111142|Debit
WSC_BS_ACCOUNT_NATURAL_SIGN|144||Y|1/1/1951||144|111143|Debit
WSC_BS_ACCOUNT_NATURAL_SIGN|145||Y|1/1/1951||145|111144|Debit
WSC_BS_ACCOUNT_NATURAL_SIGN|146||Y|1/1/1951||146|111145|Debit
WSC_BS_ACCOUNT_NATURAL_SIGN|147||Y|1/1/1951||147|111146|Debit
WSC_BS_ACCOUNT_NATURAL_SIGN|148||Y|1/1/1951||148|111147|Debit
WSC_BS_ACCOUNT_NATURAL_SIGN|149||Y|1/1/1951||149|111148|Debit
WSC_BS_ACCOUNT_NATURAL_SIGN|150||Y|1/1/1951||150|111149|Debit
WSC_BS_ACCOUNT_NATURAL_SIGN|151||Y|1/1/1951||151|111150|Debit
WSC_BS_ACCOUNT_NATURAL_SIGN|152||Y|1/1/1951||152|111151|Debit
WSC_BS_ACCOUNT_NATURAL_SIGN|153||Y|1/1/1951||153|111152|Debit
WSC_BS_ACCOUNT_NATURAL_SIGN|154||Y|1/1/1951||154|111153|Debit
WSC_BS_ACCOUNT_NATURAL_SIGN|155||Y|1/1/1951||155|111154|Debit
WSC_BS_ACCOUNT_NATURAL_SIGN|156||Y|1/1/1951||156|111155|Debit
WSC_BS_ACCOUNT_NATURAL_SIGN|157||Y|1/1/1951||157|111156|Debit
WSC_BS_ACCOUNT_NATURAL_SIGN|158||Y|1/1/1951||158|111157|Debit
WSC_BS_ACCOUNT_NATURAL_SIGN|159||Y|1/1/1951||159|111158|Debit
WSC_BS_ACCOUNT_NATURAL_SIGN|160||Y|1/1/1951||160|111159|Debit
WSC_BS_ACCOUNT_NATURAL_SIGN|161||Y|1/1/1951||161|111160|Debit
WSC_BS_ACCOUNT_NATURAL_SIGN|162||Y|1/1/1951||162|111161|Debit
WSC_BS_ACCOUNT_NATURAL_SIGN|163||Y|1/1/1951||163|111162|Debit
WSC_BS_ACCOUNT_NATURAL_SIGN|164||Y|1/1/1951||164|111163|Debit
WSC_BS_ACCOUNT_NATURAL_SIGN|165||Y|1/1/1951||165|111164|Debit
WSC_BS_ACCOUNT_NATURAL_SIGN|166||Y|1/1/1951||166|111165|Debit
WSC_BS_ACCOUNT_NATURAL_SIGN|167||Y|1/1/1951||167|111166|Debit
WSC_BS_ACCOUNT_NATURAL_SIGN|168||Y|1/1/1951||168|111167|Debit
WSC_BS_ACCOUNT_NATURAL_SIGN|169||Y|1/1/1951||169|111168|Debit
WSC_BS_ACCOUNT_NATURAL_SIGN|170||Y|1/1/1951||170|111169|Debit
WSC_BS_ACCOUNT_NATURAL_SIGN|171||Y|1/1/1951||171|111170|Debit
WSC_BS_ACCOUNT_NATURAL_SIGN|172||Y|1/1/1951||172|111171|Debit
WSC_BS_ACCOUNT_NATURAL_SIGN|173||Y|1/1/1951||173|111172|Debit
WSC_BS_ACCOUNT_NATURAL_SIGN|174||Y|1/1/1951||174|111173|Debit
WSC_BS_ACCOUNT_NATURAL_SIGN|175||Y|1/1/1951||175|111174|Debit
WSC_BS_ACCOUNT_NATURAL_SIGN|176||Y|1/1/1951||176|111175|Debit
WSC_BS_ACCOUNT_NATURAL_SIGN|177||Y|1/1/1951||177|111176|Debit
WSC_BS_ACCOUNT_NATURAL_SIGN|178||Y|1/1/1951||178|111177|Debit
WSC_BS_ACCOUNT_NATURAL_SIGN|179||Y|1/1/1951||179|111178|Debit
WSC_BS_ACCOUNT_NATURAL_SIGN|180||Y|1/1/1951||180|111179|Debit
WSC_BS_ACCOUNT_NATURAL_SIGN|181||Y|1/1/1951||181|111180|Debit
WSC_BS_ACCOUNT_NATURAL_SIGN|182||Y|1/1/1951||182|111181|Debit
WSC_BS_ACCOUNT_NATURAL_SIGN|183||Y|1/1/1951||183|111182|Debit
WSC_BS_ACCOUNT_NATURAL_SIGN|184||Y|1/1/1951||184|111183|Debit
WSC_BS_ACCOUNT_NATURAL_SIGN|185||Y|1/1/1951||185|111184|Debit
WSC_BS_ACCOUNT_NATURAL_SIGN|186||Y|1/1/1951||186|111185|Debit
WSC_BS_ACCOUNT_NATURAL_SIGN|187||Y|1/1/1951||187|111186|Debit
WSC_BS_ACCOUNT_NATURAL_SIGN|188||Y|1/1/1951||188|111187|Debit
WSC_BS_ACCOUNT_NATURAL_SIGN|189||Y|1/1/1951||189|111188|Debit
WSC_BS_ACCOUNT_NATURAL_SIGN|190||Y|1/1/1951||190|111189|Debit
WSC_BS_ACCOUNT_NATURAL_SIGN|191||Y|1/1/1951||191|111190|Debit
WSC_BS_ACCOUNT_NATURAL_SIGN|192||Y|1/1/1951||192|111191|Debit
WSC_BS_ACCOUNT_NATURAL_SIGN|193||Y|1/1/1951||193|111192|Debit
WSC_BS_ACCOUNT_NATURAL_SIGN|194||Y|1/1/1951||194|111193|Debit
WSC_BS_ACCOUNT_NATURAL_SIGN|195||Y|1/1/1951||195|111194|Debit
WSC_BS_ACCOUNT_NATURAL_SIGN|196||Y|1/1/1951||196|111195|Debit
WSC_BS_ACCOUNT_NATURAL_SIGN|197||Y|1/1/1951||197|111196|Debit
WSC_BS_ACCOUNT_NATURAL_SIGN|198||Y|1/1/1951||198|111197|Debit
WSC_BS_ACCOUNT_NATURAL_SIGN|199||Y|1/1/1951||199|111198|Debit
WSC_BS_ACCOUNT_NATURAL_SIGN|200||Y|1/1/1951||200|111199|Debit
WSC_BS_ACCOUNT_NATURAL_SIGN|201||Y|1/1/1951||201|111200|Debit
WSC_BS_ACCOUNT_NATURAL_SIGN|202||Y|1/1/1951||202|111201|Debit
WSC_BS_ACCOUNT_NATURAL_SIGN|203||Y|1/1/1951||203|111202|Debit
WSC_BS_ACCOUNT_NATURAL_SIGN|204||Y|1/1/1951||204|111203|Debit
WSC_BS_ACCOUNT_NATURAL_SIGN|205||Y|1/1/1951||205|111204|Debit
WSC_BS_ACCOUNT_NATURAL_SIGN|206||Y|1/1/1951||206|111205|Debit
WSC_BS_ACCOUNT_NATURAL_SIGN|207||Y|1/1/1951||207|111206|Debit
WSC_BS_ACCOUNT_NATURAL_SIGN|208||Y|1/1/1951||208|111207|Debit
WSC_BS_ACCOUNT_NATURAL_SIGN|209||Y|1/1/1951||209|111208|Debit
WSC_BS_ACCOUNT_NATURAL_SIGN|210||Y|1/1/1951||210|111209|Debit
WSC_BS_ACCOUNT_NATURAL_SIGN|211||Y|1/1/1951||211|111210|Debit
WSC_BS_ACCOUNT_NATURAL_SIGN|212||Y|1/1/1951||212|111211|Debit
WSC_BS_ACCOUNT_NATURAL_SIGN|213||Y|1/1/1951||213|111212|Debit
WSC_BS_ACCOUNT_NATURAL_SIGN|214||Y|1/1/1951||214|111213|Debit
WSC_BS_ACCOUNT_NATURAL_SIGN|215||Y|1/1/1951||215|111214|Debit
WSC_BS_ACCOUNT_NATURAL_SIGN|216||Y|1/1/1951||216|111215|Debit
WSC_BS_ACCOUNT_NATURAL_SIGN|217||Y|1/1/1951||217|111216|Debit
WSC_BS_ACCOUNT_NATURAL_SIGN|218||Y|1/1/1951||218|111217|Debit
WSC_BS_ACCOUNT_NATURAL_SIGN|219||Y|1/1/1951||219|111218|Debit
WSC_BS_ACCOUNT_NATURAL_SIGN|220||Y|1/1/1951||220|111219|Debit
WSC_BS_ACCOUNT_NATURAL_SIGN|221||Y|1/1/1951||221|111220|Debit
WSC_BS_ACCOUNT_NATURAL_SIGN|222||Y|1/1/1951||222|111221|Debit
WSC_BS_ACCOUNT_NATURAL_SIGN|223||Y|1/1/1951||223|111222|Debit
WSC_BS_ACCOUNT_NATURAL_SIGN|224||Y|1/1/1951||224|111223|Debit
WSC_BS_ACCOUNT_NATURAL_SIGN|225||Y|1/1/1951||225|111224|Debit
WSC_BS_ACCOUNT_NATURAL_SIGN|226||Y|1/1/1951||226|111225|Debit
WSC_BS_ACCOUNT_NATURAL_SIGN|227||Y|1/1/1951||227|111226|Debit
WSC_BS_ACCOUNT_NATURAL_SIGN|228||Y|1/1/1951||228|111227|Debit
WSC_BS_ACCOUNT_NATURAL_SIGN|229||Y|1/1/1951||229|111228|Debit
WSC_BS_ACCOUNT_NATURAL_SIGN|230||Y|1/1/1951||230|111229|Debit
WSC_BS_ACCOUNT_NATURAL_SIGN|231||Y|1/1/1951||231|111230|Debit
WSC_BS_ACCOUNT_NATURAL_SIGN|232||Y|1/1/1951||232|111231|Debit
WSC_BS_ACCOUNT_NATURAL_SIGN|233||Y|1/1/1951||233|111232|Debit
WSC_BS_ACCOUNT_NATURAL_SIGN|234||Y|1/1/1951||234|111233|Debit
WSC_BS_ACCOUNT_NATURAL_SIGN|235||Y|1/1/1951||235|111234|Debit
WSC_BS_ACCOUNT_NATURAL_SIGN|236||Y|1/1/1951||236|111235|Debit
WSC_BS_ACCOUNT_NATURAL_SIGN|237||Y|1/1/1951||237|111236|Debit
WSC_BS_ACCOUNT_NATURAL_SIGN|238||Y|1/1/1951||238|111237|Debit
WSC_BS_ACCOUNT_NATURAL_SIGN|239||Y|1/1/1951||239|111238|Debit
WSC_BS_ACCOUNT_NATURAL_SIGN|240||Y|1/1/1951||240|111239|Debit
WSC_BS_ACCOUNT_NATURAL_SIGN|241||Y|1/1/1951||241|111240|Debit
WSC_BS_ACCOUNT_NATURAL_SIGN|242||Y|1/1/1951||242|111241|Debit
WSC_BS_ACCOUNT_NATURAL_SIGN|243||Y|1/1/1951||243|111242|Debit
WSC_BS_ACCOUNT_NATURAL_SIGN|244||Y|1/1/1951||244|111243|Debit
WSC_BS_ACCOUNT_NATURAL_SIGN|245||Y|1/1/1951||245|111244|Debit
WSC_BS_ACCOUNT_NATURAL_SIGN|246||Y|1/1/1951||246|111245|Debit
WSC_BS_ACCOUNT_NATURAL_SIGN|247||Y|1/1/1951||247|111246|Debit
WSC_BS_ACCOUNT_NATURAL_SIGN|248||Y|1/1/1951||248|111247|Debit
WSC_BS_ACCOUNT_NATURAL_SIGN|249||Y|1/1/1951||249|111248|Debit
WSC_BS_ACCOUNT_NATURAL_SIGN|250||Y|1/1/1951||250|111249|Debit
WSC_BS_ACCOUNT_NATURAL_SIGN|251||Y|1/1/1951||251|111250|Debit
WSC_BS_ACCOUNT_NATURAL_SIGN|252||Y|1/1/1951||252|111251|Debit
WSC_BS_ACCOUNT_NATURAL_SIGN|253||Y|1/1/1951||253|111252|Debit
WSC_BS_ACCOUNT_NATURAL_SIGN|254||Y|1/1/1951||254|111253|Debit
WSC_BS_ACCOUNT_NATURAL_SIGN|255||Y|1/1/1951||255|111254|Debit
WSC_BS_ACCOUNT_NATURAL_SIGN|256||Y|1/1/1951||256|111255|Debit
WSC_BS_ACCOUNT_NATURAL_SIGN|257||Y|1/1/1951||257|111256|Debit
WSC_BS_ACCOUNT_NATURAL_SIGN|258||Y|1/1/1951||258|111257|Debit
WSC_BS_ACCOUNT_NATURAL_SIGN|259||Y|1/1/1951||259|111258|Debit
WSC_BS_ACCOUNT_NATURAL_SIGN|260||Y|1/1/1951||260|111259|Debit
WSC_BS_ACCOUNT_NATURAL_SIGN|261||Y|1/1/1951||261|111260|Debit
WSC_BS_ACCOUNT_NATURAL_SIGN|262||Y|1/1/1951||262|111261|Debit
WSC_BS_ACCOUNT_NATURAL_SIGN|263||Y|1/1/1951||263|111262|Debit
WSC_BS_ACCOUNT_NATURAL_SIGN|264||Y|1/1/1951||264|111263|Debit
WSC_BS_ACCOUNT_NATURAL_SIGN|265||Y|1/1/1951||265|111264|Debit
WSC_BS_ACCOUNT_NATURAL_SIGN|266||Y|1/1/1951||266|111265|Debit
WSC_BS_ACCOUNT_NATURAL_SIGN|267||Y|1/1/1951||267|111266|Debit
WSC_BS_ACCOUNT_NATURAL_SIGN|268||Y|1/1/1951||268|111267|Debit
WSC_BS_ACCOUNT_NATURAL_SIGN|269||Y|1/1/1951||269|111268|Debit
WSC_BS_ACCOUNT_NATURAL_SIGN|270||Y|1/1/1951||270|111269|Debit
WSC_BS_ACCOUNT_NATURAL_SIGN|271||Y|1/1/1951||271|111270|Debit
WSC_BS_ACCOUNT_NATURAL_SIGN|272||Y|1/1/1951||272|111271|Debit
WSC_BS_ACCOUNT_NATURAL_SIGN|273||Y|1/1/1951||273|111272|Debit
WSC_BS_ACCOUNT_NATURAL_SIGN|274||Y|1/1/1951||274|111273|Debit
WSC_BS_ACCOUNT_NATURAL_SIGN|275||Y|1/1/1951||275|111274|Debit
WSC_BS_ACCOUNT_NATURAL_SIGN|276||Y|1/1/1951||276|111275|Debit
WSC_BS_ACCOUNT_NATURAL_SIGN|277||Y|1/1/1951||277|111276|Debit
WSC_BS_ACCOUNT_NATURAL_SIGN|278||Y|1/1/1951||278|111277|Debit
WSC_BS_ACCOUNT_NATURAL_SIGN|279||Y|1/1/1951||279|111278|Debit
WSC_BS_ACCOUNT_NATURAL_SIGN|280||Y|1/1/1951||280|111279|Debit
WSC_BS_ACCOUNT_NATURAL_SIGN|281||Y|1/1/1951||281|111280|Debit
WSC_BS_ACCOUNT_NATURAL_SIGN|282||Y|1/1/1951||282|111281|Debit
WSC_BS_ACCOUNT_NATURAL_SIGN|283||Y|1/1/1951||283|111282|Debit
WSC_BS_ACCOUNT_NATURAL_SIGN|284||Y|1/1/1951||284|111283|Debit
WSC_BS_ACCOUNT_NATURAL_SIGN|285||Y|1/1/1951||285|111284|Debit
WSC_BS_ACCOUNT_NATURAL_SIGN|286||Y|1/1/1951||286|111285|Debit
WSC_BS_ACCOUNT_NATURAL_SIGN|287||Y|1/1/1951||287|111286|Debit
WSC_BS_ACCOUNT_NATURAL_SIGN|288||Y|1/1/1951||288|111287|Debit
WSC_BS_ACCOUNT_NATURAL_SIGN|289||Y|1/1/1951||289|111288|Debit
WSC_BS_ACCOUNT_NATURAL_SIGN|290||Y|1/1/1951||290|111289|Debit
WSC_BS_ACCOUNT_NATURAL_SIGN|291||Y|1/1/1951||291|111290|Debit
WSC_BS_ACCOUNT_NATURAL_SIGN|292||Y|1/1/1951||292|111291|Debit
WSC_BS_ACCOUNT_NATURAL_SIGN|293||Y|1/1/1951||293|111292|Debit
WSC_BS_ACCOUNT_NATURAL_SIGN|294||Y|1/1/1951||294|111293|Debit
WSC_BS_ACCOUNT_NATURAL_SIGN|295||Y|1/1/1951||295|111294|Debit
WSC_BS_ACCOUNT_NATURAL_SIGN|296||Y|1/1/1951||296|111295|Debit
WSC_BS_ACCOUNT_NATURAL_SIGN|297||Y|1/1/1951||297|111296|Debit
WSC_BS_ACCOUNT_NATURAL_SIGN|298||Y|1/1/1951||298|111297|Debit
WSC_BS_ACCOUNT_NATURAL_SIGN|299||Y|1/1/1951||299|111298|Debit
WSC_BS_ACCOUNT_NATURAL_SIGN|300||Y|1/1/1951||300|111299|Debit
WSC_BS_ACCOUNT_NATURAL_SIGN|301||Y|1/1/1951||301|111300|Debit
WSC_BS_ACCOUNT_NATURAL_SIGN|302||Y|1/1/1951||302|111301|Debit
WSC_BS_ACCOUNT_NATURAL_SIGN|303||Y|1/1/1951||303|111302|Debit
WSC_BS_ACCOUNT_NATURAL_SIGN|304||Y|1/1/1951||304|111303|Debit
WSC_BS_ACCOUNT_NATURAL_SIGN|305||Y|1/1/1951||305|111304|Debit
WSC_BS_ACCOUNT_NATURAL_SIGN|306||Y|1/1/1951||306|111305|Debit
WSC_BS_ACCOUNT_NATURAL_SIGN|307||Y|1/1/1951||307|111306|Debit
WSC_BS_ACCOUNT_NATURAL_SIGN|308||Y|1/1/1951||308|111307|Debit
WSC_BS_ACCOUNT_NATURAL_SIGN|309||Y|1/1/1951||309|111308|Debit
WSC_BS_ACCOUNT_NATURAL_SIGN|310||Y|1/1/1951||310|111309|Debit
WSC_BS_ACCOUNT_NATURAL_SIGN|311||Y|1/1/1951||311|111310|Debit
WSC_BS_ACCOUNT_NATURAL_SIGN|312||Y|1/1/1951||312|111311|Debit
WSC_BS_ACCOUNT_NATURAL_SIGN|313||Y|1/1/1951||313|111312|Debit
WSC_BS_ACCOUNT_NATURAL_SIGN|314||Y|1/1/1951||314|111313|Debit
WSC_BS_ACCOUNT_NATURAL_SIGN|315||Y|1/1/1951||315|111314|Debit
WSC_BS_ACCOUNT_NATURAL_SIGN|316||Y|1/1/1951||316|111315|Debit
WSC_BS_ACCOUNT_NATURAL_SIGN|317||Y|1/1/1951||317|111316|Debit
WSC_BS_ACCOUNT_NATURAL_SIGN|318||Y|1/1/1951||318|111317|Debit
WSC_BS_ACCOUNT_NATURAL_SIGN|319||Y|1/1/1951||319|111318|Debit
WSC_BS_ACCOUNT_NATURAL_SIGN|320||Y|1/1/1951||320|111319|Debit
WSC_BS_ACCOUNT_NATURAL_SIGN|321||Y|1/1/1951||321|111320|Debit
WSC_BS_ACCOUNT_NATURAL_SIGN|322||Y|1/1/1951||322|111321|Debit
WSC_BS_ACCOUNT_NATURAL_SIGN|323||Y|1/1/1951||323|111322|Debit
WSC_BS_ACCOUNT_NATURAL_SIGN|324||Y|1/1/1951||324|111323|Debit
WSC_BS_ACCOUNT_NATURAL_SIGN|325||Y|1/1/1951||325|111324|Debit
WSC_BS_ACCOUNT_NATURAL_SIGN|326||Y|1/1/1951||326|111325|Debit
WSC_BS_ACCOUNT_NATURAL_SIGN|327||Y|1/1/1951||327|111326|Debit
WSC_BS_ACCOUNT_NATURAL_SIGN|328||Y|1/1/1951||328|111327|Debit
WSC_BS_ACCOUNT_NATURAL_SIGN|329||Y|1/1/1951||329|111328|Debit
WSC_BS_ACCOUNT_NATURAL_SIGN|330||Y|1/1/1951||330|111329|Debit
WSC_BS_ACCOUNT_NATURAL_SIGN|331||Y|1/1/1951||331|111330|Debit
WSC_BS_ACCOUNT_NATURAL_SIGN|332||Y|1/1/1951||332|111331|Debit
WSC_BS_ACCOUNT_NATURAL_SIGN|333||Y|1/1/1951||333|111332|Debit
WSC_BS_ACCOUNT_NATURAL_SIGN|334||Y|1/1/1951||334|111333|Debit
WSC_BS_ACCOUNT_NATURAL_SIGN|335||Y|1/1/1951||335|111334|Debit
WSC_BS_ACCOUNT_NATURAL_SIGN|336||Y|1/1/1951||336|111335|Debit
WSC_BS_ACCOUNT_NATURAL_SIGN|337||Y|1/1/1951||337|111336|Debit
WSC_BS_ACCOUNT_NATURAL_SIGN|338||Y|1/1/1951||338|111337|Debit
WSC_BS_ACCOUNT_NATURAL_SIGN|339||Y|1/1/1951||339|111338|Debit
WSC_BS_ACCOUNT_NATURAL_SIGN|340||Y|1/1/1951||340|111339|Debit
WSC_BS_ACCOUNT_NATURAL_SIGN|341||Y|1/1/1951||341|111340|Debit
WSC_BS_ACCOUNT_NATURAL_SIGN|342||Y|1/1/1951||342|111341|Debit
WSC_BS_ACCOUNT_NATURAL_SIGN|343||Y|1/1/1951||343|111342|Debit
WSC_BS_ACCOUNT_NATURAL_SIGN|344||Y|1/1/1951||344|111343|Debit
WSC_BS_ACCOUNT_NATURAL_SIGN|345||Y|1/1/1951||345|111344|Debit
WSC_BS_ACCOUNT_NATURAL_SIGN|346||Y|1/1/1951||346|111345|Debit
WSC_BS_ACCOUNT_NATURAL_SIGN|347||Y|1/1/1951||347|111346|Debit
WSC_BS_ACCOUNT_NATURAL_SIGN|348||Y|1/1/1951||348|111347|Debit
WSC_BS_ACCOUNT_NATURAL_SIGN|349||Y|1/1/1951||349|111348|Debit
WSC_BS_ACCOUNT_NATURAL_SIGN|350||Y|1/1/1951||350|111349|Debit
WSC_BS_ACCOUNT_NATURAL_SIGN|351||Y|1/1/1951||351|111350|Debit
WSC_BS_ACCOUNT_NATURAL_SIGN|352||Y|1/1/1951||352|111351|Debit
WSC_BS_ACCOUNT_NATURAL_SIGN|353||Y|1/1/1951||353|111352|Debit
WSC_BS_ACCOUNT_NATURAL_SIGN|354||Y|1/1/1951||354|111353|Debit
WSC_BS_ACCOUNT_NATURAL_SIGN|355||Y|1/1/1951||355|111354|Debit
WSC_BS_ACCOUNT_NATURAL_SIGN|356||Y|1/1/1951||356|111355|Debit
WSC_BS_ACCOUNT_NATURAL_SIGN|357||Y|1/1/1951||357|111356|Debit
WSC_BS_ACCOUNT_NATURAL_SIGN|358||Y|1/1/1951||358|111357|Debit
WSC_BS_ACCOUNT_NATURAL_SIGN|359||Y|1/1/1951||359|111358|Debit
WSC_BS_ACCOUNT_NATURAL_SIGN|360||Y|1/1/1951||360|111359|Debit
WSC_BS_ACCOUNT_NATURAL_SIGN|361||Y|1/1/1951||361|111360|Debit
WSC_BS_ACCOUNT_NATURAL_SIGN|362||Y|1/1/1951||362|111361|Debit
WSC_BS_ACCOUNT_NATURAL_SIGN|363||Y|1/1/1951||363|111362|Debit
WSC_BS_ACCOUNT_NATURAL_SIGN|364||Y|1/1/1951||364|111363|Debit
WSC_BS_ACCOUNT_NATURAL_SIGN|365||Y|1/1/1951||365|111364|Debit
WSC_BS_ACCOUNT_NATURAL_SIGN|366||Y|1/1/1951||366|111365|Debit
WSC_BS_ACCOUNT_NATURAL_SIGN|367||Y|1/1/1951||367|111366|Debit
WSC_BS_ACCOUNT_NATURAL_SIGN|368||Y|1/1/1951||368|111367|Debit
WSC_BS_ACCOUNT_NATURAL_SIGN|369||Y|1/1/1951||369|111368|Debit
WSC_BS_ACCOUNT_NATURAL_SIGN|370||Y|1/1/1951||370|111369|Debit
WSC_BS_ACCOUNT_NATURAL_SIGN|371||Y|1/1/1951||371|111370|Debit
WSC_BS_ACCOUNT_NATURAL_SIGN|372||Y|1/1/1951||372|111371|Debit
WSC_BS_ACCOUNT_NATURAL_SIGN|373||Y|1/1/1951||373|111372|Debit
WSC_BS_ACCOUNT_NATURAL_SIGN|374||Y|1/1/1951||374|111373|Debit
WSC_BS_ACCOUNT_NATURAL_SIGN|375||Y|1/1/1951||375|111374|Debit
WSC_BS_ACCOUNT_NATURAL_SIGN|376||Y|1/1/1951||376|111375|Debit
WSC_BS_ACCOUNT_NATURAL_SIGN|377||Y|1/1/1951||377|111376|Debit
WSC_BS_ACCOUNT_NATURAL_SIGN|378||Y|1/1/1951||378|111377|Debit
WSC_BS_ACCOUNT_NATURAL_SIGN|379||Y|1/1/1951||379|111378|Debit
WSC_BS_ACCOUNT_NATURAL_SIGN|380||Y|1/1/1951||380|111379|Debit
WSC_BS_ACCOUNT_NATURAL_SIGN|381||Y|1/1/1951||381|111380|Debit
WSC_BS_ACCOUNT_NATURAL_SIGN|382||Y|1/1/1951||382|111381|Debit
WSC_BS_ACCOUNT_NATURAL_SIGN|383||Y|1/1/1951||383|111382|Debit
WSC_BS_ACCOUNT_NATURAL_SIGN|384||Y|1/1/1951||384|111383|Flux
WSC_BS_ACCOUNT_NATURAL_SIGN|385||Y|1/1/1951||385|111384|Debit
WSC_BS_ACCOUNT_NATURAL_SIGN|386||Y|1/1/1951||386|111385|Debit
WSC_BS_ACCOUNT_NATURAL_SIGN|387||Y|1/1/1951||387|111386|Debit
WSC_BS_ACCOUNT_NATURAL_SIGN|388||Y|1/1/1951||388|111387|Debit
WSC_BS_ACCOUNT_NATURAL_SIGN|421||Y|1/1/1951||421|111420|Debit
WSC_BS_ACCOUNT_NATURAL_SIGN|422||Y|1/1/1951||422|111421|Debit
WSC_BS_ACCOUNT_NATURAL_SIGN|423||Y|1/1/1951||423|111422|Debit
WSC_BS_ACCOUNT_NATURAL_SIGN|424||Y|1/1/1951||424|111423|Debit
WSC_BS_ACCOUNT_NATURAL_SIGN|425||Y|1/1/1951||425|111424|Debit
WSC_BS_ACCOUNT_NATURAL_SIGN|426||Y|1/1/1951||426|111425|Debit
WSC_BS_ACCOUNT_NATURAL_SIGN|427||Y|1/1/1951||427|111426|Debit
WSC_BS_ACCOUNT_NATURAL_SIGN|428||Y|1/1/1951||428|111427|Debit
WSC_BS_ACCOUNT_NATURAL_SIGN|429||Y|1/1/1951||429|111428|Debit
WSC_BS_ACCOUNT_NATURAL_SIGN|430||Y|1/1/1951||430|111429|Debit
WSC_BS_ACCOUNT_NATURAL_SIGN|431||Y|1/1/1951||431|111430|Debit
WSC_BS_ACCOUNT_NATURAL_SIGN|432||Y|1/1/1951||432|111431|Debit
WSC_BS_ACCOUNT_NATURAL_SIGN|433||Y|1/1/1951||433|111432|Debit
WSC_BS_ACCOUNT_NATURAL_SIGN|434||Y|1/1/1951||434|111433|Debit
WSC_BS_ACCOUNT_NATURAL_SIGN|435||Y|1/1/1951||435|111434|Debit
WSC_BS_ACCOUNT_NATURAL_SIGN|436||Y|1/1/1951||436|111435|Debit
WSC_BS_ACCOUNT_NATURAL_SIGN|437||Y|1/1/1951||437|111436|Debit
WSC_BS_ACCOUNT_NATURAL_SIGN|438||Y|1/1/1951||438|111437|Debit
WSC_BS_ACCOUNT_NATURAL_SIGN|439||Y|1/1/1951||439|111438|Debit
WSC_BS_ACCOUNT_NATURAL_SIGN|440||Y|1/1/1951||440|111439|Debit
WSC_BS_ACCOUNT_NATURAL_SIGN|441||Y|1/1/1951||441|111440|Debit
WSC_BS_ACCOUNT_NATURAL_SIGN|442||Y|1/1/1951||442|111441|Debit
WSC_BS_ACCOUNT_NATURAL_SIGN|443||Y|1/1/1951||443|111442|Debit
WSC_BS_ACCOUNT_NATURAL_SIGN|446||Y|1/1/1951||446|111445|Debit
WSC_BS_ACCOUNT_NATURAL_SIGN|447||Y|1/1/1951||447|111446|Debit
WSC_BS_ACCOUNT_NATURAL_SIGN|448||Y|1/1/1951||448|111447|Debit
WSC_BS_ACCOUNT_NATURAL_SIGN|449||Y|1/1/1951||449|111448|Debit
WSC_BS_ACCOUNT_NATURAL_SIGN|450||Y|1/1/1951||450|111449|Debit
WSC_BS_ACCOUNT_NATURAL_SIGN|451||Y|1/1/1951||451|111450|Debit
WSC_BS_ACCOUNT_NATURAL_SIGN|452||Y|1/1/1951||452|111451|Debit
WSC_BS_ACCOUNT_NATURAL_SIGN|453||Y|1/1/1951||453|111452|Debit
WSC_BS_ACCOUNT_NATURAL_SIGN|454||Y|1/1/1951||454|111453|Debit
WSC_BS_ACCOUNT_NATURAL_SIGN|455||Y|1/1/1951||455|111454|Debit
WSC_BS_ACCOUNT_NATURAL_SIGN|456||Y|1/1/1951||456|111455|Debit
WSC_BS_ACCOUNT_NATURAL_SIGN|457||Y|1/1/1951||457|111456|Debit
WSC_BS_ACCOUNT_NATURAL_SIGN|458||Y|1/1/1951||458|111457|Debit
WSC_BS_ACCOUNT_NATURAL_SIGN|459||Y|1/1/1951||459|111458|Debit
WSC_BS_ACCOUNT_NATURAL_SIGN|460||Y|1/1/1951||460|111459|Debit
WSC_BS_ACCOUNT_NATURAL_SIGN|461||Y|1/1/1951||461|111460|Debit
WSC_BS_ACCOUNT_NATURAL_SIGN|462||Y|1/1/1951||462|111461|Debit
WSC_BS_ACCOUNT_NATURAL_SIGN|463||Y|1/1/1951||463|111462|Debit
WSC_BS_ACCOUNT_NATURAL_SIGN|464||Y|1/1/1951||464|111463|Debit
WSC_BS_ACCOUNT_NATURAL_SIGN|465||Y|1/1/1951||465|111464|Debit
WSC_BS_ACCOUNT_NATURAL_SIGN|466||Y|1/1/1951||466|111465|Debit
WSC_BS_ACCOUNT_NATURAL_SIGN|467||Y|1/1/1951||467|111466|Debit
WSC_BS_ACCOUNT_NATURAL_SIGN|468||Y|1/1/1951||468|111467|Debit
WSC_BS_ACCOUNT_NATURAL_SIGN|469||Y|1/1/1951||469|111468|Debit
WSC_BS_ACCOUNT_NATURAL_SIGN|470||Y|1/1/1951||470|111469|Debit
WSC_BS_ACCOUNT_NATURAL_SIGN|471||Y|1/1/1951||471|111470|Debit
WSC_BS_ACCOUNT_NATURAL_SIGN|472||Y|1/1/1951||472|111472|Debit
WSC_BS_ACCOUNT_NATURAL_SIGN|473||Y|1/1/1951||473|111473|Debit
WSC_BS_ACCOUNT_NATURAL_SIGN|474||Y|1/1/1951||474|111474|Debit
WSC_BS_ACCOUNT_NATURAL_SIGN|475||Y|1/1/1951||475|111475|Debit
WSC_BS_ACCOUNT_NATURAL_SIGN|476||Y|1/1/1951||476|111476|Debit
WSC_BS_ACCOUNT_NATURAL_SIGN|477||Y|1/1/1951||477|112000|Debit
WSC_BS_ACCOUNT_NATURAL_SIGN|478||Y|1/1/1951||478|112100|Debit
WSC_BS_ACCOUNT_NATURAL_SIGN|479||Y|1/1/1951||479|112101|Debit
WSC_BS_ACCOUNT_NATURAL_SIGN|480||Y|1/1/1951||480|112102|Debit
WSC_BS_ACCOUNT_NATURAL_SIGN|481||Y|1/1/1951||481|112103|Debit
WSC_BS_ACCOUNT_NATURAL_SIGN|482||Y|1/1/1951||482|112104|Flux
WSC_BS_ACCOUNT_NATURAL_SIGN|483||Y|1/1/1951||483|112105|Flux
WSC_BS_ACCOUNT_NATURAL_SIGN|484||Y|1/1/1951||484|112106|Flux
WSC_BS_ACCOUNT_NATURAL_SIGN|485||Y|1/1/1951||485|112107|Flux
WSC_BS_ACCOUNT_NATURAL_SIGN|486||Y|1/1/1951||486|112108|Debit
WSC_BS_ACCOUNT_NATURAL_SIGN|487||Y|1/1/1951||487|112110|Debit
WSC_BS_ACCOUNT_NATURAL_SIGN|488||Y|1/1/1951||488|112111|Debit
WSC_BS_ACCOUNT_NATURAL_SIGN|489||Y|1/1/1951||489|112112|Debit
WSC_BS_ACCOUNT_NATURAL_SIGN|490||Y|1/1/1951||490|112113|Debit
WSC_BS_ACCOUNT_NATURAL_SIGN|491||Y|1/1/1951||491|112114|Debit
WSC_BS_ACCOUNT_NATURAL_SIGN|492||Y|1/1/1951||492|112115|Debit
WSC_BS_ACCOUNT_NATURAL_SIGN|493||Y|1/1/1951||493|112116|Credit
WSC_BS_ACCOUNT_NATURAL_SIGN|494||Y|1/1/1951||494|112117|Debit
WSC_BS_ACCOUNT_NATURAL_SIGN|495||Y|1/1/1951||495|112121|Debit
WSC_BS_ACCOUNT_NATURAL_SIGN|496||Y|1/1/1951||496|112122|Debit
WSC_BS_ACCOUNT_NATURAL_SIGN|497||Y|1/1/1951||497|112123|Debit
WSC_BS_ACCOUNT_NATURAL_SIGN|498||Y|1/1/1951||498|112124|Debit
WSC_BS_ACCOUNT_NATURAL_SIGN|499||Y|1/1/1951||499|112125|Credit
WSC_BS_ACCOUNT_NATURAL_SIGN|500||Y|1/1/1951||500|112126|Debit
WSC_BS_ACCOUNT_NATURAL_SIGN|501||Y|1/1/1951||501|112127|Debit
WSC_BS_ACCOUNT_NATURAL_SIGN|502||Y|1/1/1951||502|112128|Debit
WSC_BS_ACCOUNT_NATURAL_SIGN|503||Y|1/1/1951||503|112129|Debit
WSC_BS_ACCOUNT_NATURAL_SIGN|504||Y|1/1/1951||504|112130|Debit
WSC_BS_ACCOUNT_NATURAL_SIGN|505||Y|1/1/1951||505|112131|Debit
WSC_BS_ACCOUNT_NATURAL_SIGN|506||Y|1/1/1951||506|112132|Debit
WSC_BS_ACCOUNT_NATURAL_SIGN|507||Y|1/1/1951||507|112133|Debit
WSC_BS_ACCOUNT_NATURAL_SIGN|508||Y|1/1/1951||508|112134|Credit
WSC_BS_ACCOUNT_NATURAL_SIGN|509||Y|1/1/1951||509|112135|Debit
WSC_BS_ACCOUNT_NATURAL_SIGN|510||Y|1/1/1951||510|112140|Debit
WSC_BS_ACCOUNT_NATURAL_SIGN|511||Y|1/1/1951||511|112141|Debit
WSC_BS_ACCOUNT_NATURAL_SIGN|512||Y|1/1/1951||512|112142|Debit
WSC_BS_ACCOUNT_NATURAL_SIGN|513||Y|1/1/1951||513|112155|Credit
WSC_BS_ACCOUNT_NATURAL_SIGN|514||Y|1/1/1951||514|112156|Debit
WSC_BS_ACCOUNT_NATURAL_SIGN|515||Y|1/1/1951||515|112157|Credit
WSC_BS_ACCOUNT_NATURAL_SIGN|516||Y|1/1/1951||516|112200|Credit
WSC_BS_ACCOUNT_NATURAL_SIGN|517||Y|1/1/1951||517|112201|Credit
WSC_BS_ACCOUNT_NATURAL_SIGN|518||Y|1/1/1951||518|112202|Credit
WSC_BS_ACCOUNT_NATURAL_SIGN|519||Y|1/1/1951||519|112203|Credit
WSC_BS_ACCOUNT_NATURAL_SIGN|520||Y|1/1/1951||520|112204|Credit
WSC_BS_ACCOUNT_NATURAL_SIGN|521||Y|1/1/1951||521|112205|Credit
WSC_BS_ACCOUNT_NATURAL_SIGN|522||Y|1/1/1951||522|112206|Credit
WSC_BS_ACCOUNT_NATURAL_SIGN|523||Y|1/1/1951||523|112207|Credit
WSC_BS_ACCOUNT_NATURAL_SIGN|524||Y|1/1/1951||524|112209|Credit
WSC_BS_ACCOUNT_NATURAL_SIGN|525||Y|1/1/1951||525|112210|Credit
WSC_BS_ACCOUNT_NATURAL_SIGN|526||Y|1/1/1951||526|112211|Debit
WSC_BS_ACCOUNT_NATURAL_SIGN|527||Y|1/1/1951||527|112212|Debit
WSC_BS_ACCOUNT_NATURAL_SIGN|528||Y|1/1/1951||528|112213|Flux
WSC_BS_ACCOUNT_NATURAL_SIGN|529||Y|1/1/1951||529|112214|Credit
WSC_BS_ACCOUNT_NATURAL_SIGN|530||Y|1/1/1951||530|112216|Credit
WSC_BS_ACCOUNT_NATURAL_SIGN|531||Y|1/1/1951||531|112217|Credit
WSC_BS_ACCOUNT_NATURAL_SIGN|532||Y|1/1/1951||532|112218|Credit
WSC_BS_ACCOUNT_NATURAL_SIGN|533||Y|1/1/1951||533|112219|Debit
WSC_BS_ACCOUNT_NATURAL_SIGN|534||Y|1/1/1951||534|112220|Flux
WSC_BS_ACCOUNT_NATURAL_SIGN|535||Y|1/1/1951||535|112221|Credit
WSC_BS_ACCOUNT_NATURAL_SIGN|536||Y|1/1/1951||536|112222|Credit
WSC_BS_ACCOUNT_NATURAL_SIGN|537||Y|1/1/1951||537|112223|Debit
WSC_BS_ACCOUNT_NATURAL_SIGN|538||Y|1/1/1951||538|112224|Debit
WSC_BS_ACCOUNT_NATURAL_SIGN|539||Y|1/1/1951||539|112225|Credit
WSC_BS_ACCOUNT_NATURAL_SIGN|540||Y|1/1/1951||540|112226|Credit
WSC_BS_ACCOUNT_NATURAL_SIGN|541||Y|1/1/1951||541|113000|Debit
WSC_BS_ACCOUNT_NATURAL_SIGN|542||Y|1/1/1951||542|113001|Debit
WSC_BS_ACCOUNT_NATURAL_SIGN|543||Y|1/1/1951||543|113002|Debit
WSC_BS_ACCOUNT_NATURAL_SIGN|544||Y|1/1/1951||544|113003|Debit
WSC_BS_ACCOUNT_NATURAL_SIGN|545||Y|1/1/1951||545|113004|Debit
WSC_BS_ACCOUNT_NATURAL_SIGN|546||Y|1/1/1951||546|113005|Debit
WSC_BS_ACCOUNT_NATURAL_SIGN|547||Y|1/1/1951||547|113006|Debit
WSC_BS_ACCOUNT_NATURAL_SIGN|548||Y|1/1/1951||548|113007|Debit
WSC_BS_ACCOUNT_NATURAL_SIGN|549||Y|1/1/1951||549|113008|Debit
WSC_BS_ACCOUNT_NATURAL_SIGN|550||Y|1/1/1951||550|113009|Debit
WSC_BS_ACCOUNT_NATURAL_SIGN|551||Y|1/1/1951||551|113010|Debit
WSC_BS_ACCOUNT_NATURAL_SIGN|552||Y|1/1/1951||552|113011|Debit
WSC_BS_ACCOUNT_NATURAL_SIGN|553||Y|1/1/1951||553|113012|Debit
WSC_BS_ACCOUNT_NATURAL_SIGN|554||Y|1/1/1951||554|113013|Debit
WSC_BS_ACCOUNT_NATURAL_SIGN|555||Y|1/1/1951||555|113014|Debit
WSC_BS_ACCOUNT_NATURAL_SIGN|556||Y|1/1/1951||556|113100|Debit
WSC_BS_ACCOUNT_NATURAL_SIGN|557||Y|1/1/1951||557|113101|Debit
WSC_BS_ACCOUNT_NATURAL_SIGN|558||Y|1/1/1951||558|113102|Debit
WSC_BS_ACCOUNT_NATURAL_SIGN|559||Y|1/1/1951||559|113103|Debit
WSC_BS_ACCOUNT_NATURAL_SIGN|560||Y|1/1/1951||560|113104|Debit
WSC_BS_ACCOUNT_NATURAL_SIGN|561||Y|1/1/1951||561|113105|Debit
WSC_BS_ACCOUNT_NATURAL_SIGN|562||Y|1/1/1951||562|113106|Debit
WSC_BS_ACCOUNT_NATURAL_SIGN|563||Y|1/1/1951||563|113107|Debit
WSC_BS_ACCOUNT_NATURAL_SIGN|564||Y|1/1/1951||564|113108|Debit
WSC_BS_ACCOUNT_NATURAL_SIGN|565||Y|1/1/1951||565|113109|Debit
WSC_BS_ACCOUNT_NATURAL_SIGN|566||Y|1/1/1951||566|113110|Debit
WSC_BS_ACCOUNT_NATURAL_SIGN|567||Y|1/1/1951||567|113111|Credit
WSC_BS_ACCOUNT_NATURAL_SIGN|568||Y|1/1/1951||568|113112|Debit
WSC_BS_ACCOUNT_NATURAL_SIGN|569||Y|1/1/1951||569|113113|Debit
WSC_BS_ACCOUNT_NATURAL_SIGN|570||Y|1/1/1951||570|113114|Debit
WSC_BS_ACCOUNT_NATURAL_SIGN|571||Y|1/1/1951||571|113200|Debit
WSC_BS_ACCOUNT_NATURAL_SIGN|572||Y|1/1/1951||572|113201|Debit
WSC_BS_ACCOUNT_NATURAL_SIGN|573||Y|1/1/1951||573|113202|Debit
WSC_BS_ACCOUNT_NATURAL_SIGN|574||Y|1/1/1951||574|113203|Debit
WSC_BS_ACCOUNT_NATURAL_SIGN|575||Y|1/1/1951||575|113204|Debit
WSC_BS_ACCOUNT_NATURAL_SIGN|576||Y|1/1/1951||576|113205|Debit
WSC_BS_ACCOUNT_NATURAL_SIGN|577||Y|1/1/1951||577|113206|Debit
WSC_BS_ACCOUNT_NATURAL_SIGN|578||Y|1/1/1951||578|113207|Debit
WSC_BS_ACCOUNT_NATURAL_SIGN|579||Y|1/1/1951||579|113208|Debit
WSC_BS_ACCOUNT_NATURAL_SIGN|580||Y|1/1/1951||580|113209|Debit
WSC_BS_ACCOUNT_NATURAL_SIGN|581||Y|1/1/1951||581|113210|Debit
WSC_BS_ACCOUNT_NATURAL_SIGN|582||Y|1/1/1951||582|113211|Debit
WSC_BS_ACCOUNT_NATURAL_SIGN|583||Y|1/1/1951||583|113212|Debit
WSC_BS_ACCOUNT_NATURAL_SIGN|584||Y|1/1/1951||584|113213|Debit
WSC_BS_ACCOUNT_NATURAL_SIGN|585||Y|1/1/1951||585|113214|Debit
WSC_BS_ACCOUNT_NATURAL_SIGN|586||Y|1/1/1951||586|113215|Debit
WSC_BS_ACCOUNT_NATURAL_SIGN|587||Y|1/1/1951||587|113216|Debit
WSC_BS_ACCOUNT_NATURAL_SIGN|588||Y|1/1/1951||588|113217|Debit
WSC_BS_ACCOUNT_NATURAL_SIGN|589||Y|1/1/1951||589|113218|Debit
WSC_BS_ACCOUNT_NATURAL_SIGN|590||Y|1/1/1951||590|113219|Debit
WSC_BS_ACCOUNT_NATURAL_SIGN|591||Y|1/1/1951||591|113220|Debit
WSC_BS_ACCOUNT_NATURAL_SIGN|592||Y|1/1/1951||592|113221|Debit
WSC_BS_ACCOUNT_NATURAL_SIGN|593||Y|1/1/1951||593|113225|Debit
WSC_BS_ACCOUNT_NATURAL_SIGN|594||Y|1/1/1951||594|114000|Debit
WSC_BS_ACCOUNT_NATURAL_SIGN|595||Y|1/1/1951||595|114001|Debit
WSC_BS_ACCOUNT_NATURAL_SIGN|596||Y|1/1/1951||596|114003|Debit
WSC_BS_ACCOUNT_NATURAL_SIGN|597||Y|1/1/1951||597|114004|Debit
WSC_BS_ACCOUNT_NATURAL_SIGN|598||Y|1/1/1951||598|114005|Debit
WSC_BS_ACCOUNT_NATURAL_SIGN|599||Y|1/1/1951||599|114006|Debit
WSC_BS_ACCOUNT_NATURAL_SIGN|600||Y|1/1/1951||600|114007|Debit
WSC_BS_ACCOUNT_NATURAL_SIGN|601||Y|1/1/1951||601|114008|Debit
WSC_BS_ACCOUNT_NATURAL_SIGN|602||Y|1/1/1951||602|114009|Debit
WSC_BS_ACCOUNT_NATURAL_SIGN|603||Y|1/1/1951||603|114010|Flux
WSC_BS_ACCOUNT_NATURAL_SIGN|604||Y|1/1/1951||604|114011|Flux
WSC_BS_ACCOUNT_NATURAL_SIGN|605||Y|1/1/1951||605|114012|Debit
WSC_BS_ACCOUNT_NATURAL_SIGN|606||Y|1/1/1951||606|114013|Debit
WSC_BS_ACCOUNT_NATURAL_SIGN|607||Y|1/1/1951||607|114014|Debit
WSC_BS_ACCOUNT_NATURAL_SIGN|608||Y|1/1/1951||608|114015|Debit
WSC_BS_ACCOUNT_NATURAL_SIGN|609||Y|1/1/1951||609|114016|Debit
WSC_BS_ACCOUNT_NATURAL_SIGN|610||Y|1/1/1951||610|114017|Debit
WSC_BS_ACCOUNT_NATURAL_SIGN|611||Y|1/1/1951||611|114018|Debit
WSC_BS_ACCOUNT_NATURAL_SIGN|612||Y|1/1/1951||612|114019|Debit
WSC_BS_ACCOUNT_NATURAL_SIGN|613||Y|1/1/1951||613|114020|Debit
WSC_BS_ACCOUNT_NATURAL_SIGN|614||Y|1/1/1951||614|114021|Flux
WSC_BS_ACCOUNT_NATURAL_SIGN|615||Y|1/1/1951||615|114022|Debit
WSC_BS_ACCOUNT_NATURAL_SIGN|616||Y|1/1/1951||616|114023|Debit
WSC_BS_ACCOUNT_NATURAL_SIGN|617||Y|1/1/1951||617|114024|Flux
WSC_BS_ACCOUNT_NATURAL_SIGN|618||Y|1/1/1951||618|114025|Debit
WSC_BS_ACCOUNT_NATURAL_SIGN|619||Y|1/1/1951||619|114026|Debit
WSC_BS_ACCOUNT_NATURAL_SIGN|620||Y|1/1/1951||620|114027|Debit
WSC_BS_ACCOUNT_NATURAL_SIGN|621||Y|1/1/1951||621|115000|Debit
WSC_BS_ACCOUNT_NATURAL_SIGN|622||Y|1/1/1951||622|115100|Debit
WSC_BS_ACCOUNT_NATURAL_SIGN|623||Y|1/1/1951||623|115101|Debit
WSC_BS_ACCOUNT_NATURAL_SIGN|624||Y|1/1/1951||624|115102|Debit
WSC_BS_ACCOUNT_NATURAL_SIGN|625||Y|1/1/1951||625|115103|Debit
WSC_BS_ACCOUNT_NATURAL_SIGN|626||Y|1/1/1951||626|115104|Debit
WSC_BS_ACCOUNT_NATURAL_SIGN|627||Y|1/1/1951||627|115105|Debit
WSC_BS_ACCOUNT_NATURAL_SIGN|628||Y|1/1/1951||628|115106|Debit
WSC_BS_ACCOUNT_NATURAL_SIGN|629||Y|1/1/1951||629|115107|Debit
WSC_BS_ACCOUNT_NATURAL_SIGN|630||Y|1/1/1951||630|115108|Debit
WSC_BS_ACCOUNT_NATURAL_SIGN|631||Y|1/1/1951||631|115109|Debit
WSC_BS_ACCOUNT_NATURAL_SIGN|632||Y|1/1/1951||632|115110|Debit
WSC_BS_ACCOUNT_NATURAL_SIGN|633||Y|1/1/1951||633|115111|Debit
WSC_BS_ACCOUNT_NATURAL_SIGN|634||Y|1/1/1951||634|115112|Flux
WSC_BS_ACCOUNT_NATURAL_SIGN|635||Y|1/1/1951||635|115113|Debit
WSC_BS_ACCOUNT_NATURAL_SIGN|636||Y|1/1/1951||636|115114|Debit
WSC_BS_ACCOUNT_NATURAL_SIGN|637||Y|1/1/1951||637|115115|Debit
WSC_BS_ACCOUNT_NATURAL_SIGN|638||Y|1/1/1951||638|115116|Debit
WSC_BS_ACCOUNT_NATURAL_SIGN|639||Y|1/1/1951||639|115117|Debit
WSC_BS_ACCOUNT_NATURAL_SIGN|640||Y|1/1/1951||640|115118|Credit
WSC_BS_ACCOUNT_NATURAL_SIGN|641||Y|1/1/1951||641|115119|Debit
WSC_BS_ACCOUNT_NATURAL_SIGN|642||Y|1/1/1951||642|115120|Debit
WSC_BS_ACCOUNT_NATURAL_SIGN|643||Y|1/1/1951||643|115121|Flux
WSC_BS_ACCOUNT_NATURAL_SIGN|644||Y|1/1/1951||644|115122|Debit
WSC_BS_ACCOUNT_NATURAL_SIGN|645||Y|1/1/1951||645|115123|Debit
WSC_BS_ACCOUNT_NATURAL_SIGN|646||Y|1/1/1951||646|115124|Debit
WSC_BS_ACCOUNT_NATURAL_SIGN|647||Y|1/1/1951||647|115125|Debit
WSC_BS_ACCOUNT_NATURAL_SIGN|648||Y|1/1/1951||648|115126|Debit
WSC_BS_ACCOUNT_NATURAL_SIGN|649||Y|1/1/1951||649|115127|Debit
WSC_BS_ACCOUNT_NATURAL_SIGN|650||Y|1/1/1951||650|115128|Debit
WSC_BS_ACCOUNT_NATURAL_SIGN|651||Y|1/1/1951||651|115129|Debit
WSC_BS_ACCOUNT_NATURAL_SIGN|652||Y|1/1/1951||652|115130|Debit
WSC_BS_ACCOUNT_NATURAL_SIGN|653||Y|1/1/1951||653|115131|Credit
WSC_BS_ACCOUNT_NATURAL_SIGN|654||Y|1/1/1951||654|115132|Debit
WSC_BS_ACCOUNT_NATURAL_SIGN|655||Y|1/1/1951||655|115133|Debit
WSC_BS_ACCOUNT_NATURAL_SIGN|656||Y|1/1/1951||656|115134|Debit
WSC_BS_ACCOUNT_NATURAL_SIGN|657||Y|1/1/1951||657|115135|Debit
WSC_BS_ACCOUNT_NATURAL_SIGN|658||Y|1/1/1951||658|115136|Debit
WSC_BS_ACCOUNT_NATURAL_SIGN|659||Y|1/1/1951||659|115137|Debit
WSC_BS_ACCOUNT_NATURAL_SIGN|660||Y|1/1/1951||660|115138|Debit
WSC_BS_ACCOUNT_NATURAL_SIGN|661||Y|1/1/1951||661|115139|Debit
WSC_BS_ACCOUNT_NATURAL_SIGN|662||Y|1/1/1951||662|115140|Debit
WSC_BS_ACCOUNT_NATURAL_SIGN|663||Y|1/1/1951||663|115141|Debit
WSC_BS_ACCOUNT_NATURAL_SIGN|664||Y|1/1/1951||664|115142|Debit
WSC_BS_ACCOUNT_NATURAL_SIGN|665||Y|1/1/1951||665|115143|Debit
WSC_BS_ACCOUNT_NATURAL_SIGN|666||Y|1/1/1951||666|115144|Debit
WSC_BS_ACCOUNT_NATURAL_SIGN|667||Y|1/1/1951||667|115145|Debit
WSC_BS_ACCOUNT_NATURAL_SIGN|668||Y|1/1/1951||668|115146|Debit
WSC_BS_ACCOUNT_NATURAL_SIGN|669||Y|1/1/1951||669|115147|Debit
WSC_BS_ACCOUNT_NATURAL_SIGN|670||Y|1/1/1951||670|115148|Debit
WSC_BS_ACCOUNT_NATURAL_SIGN|671||Y|1/1/1951||671|115149|Debit
WSC_BS_ACCOUNT_NATURAL_SIGN|672||Y|1/1/1951||672|115150|Debit
WSC_BS_ACCOUNT_NATURAL_SIGN|673||Y|1/1/1951||673|115151|Debit
WSC_BS_ACCOUNT_NATURAL_SIGN|674||Y|1/1/1951||674|115152|Credit
WSC_BS_ACCOUNT_NATURAL_SIGN|675||Y|1/1/1951||675|115153|Debit
WSC_BS_ACCOUNT_NATURAL_SIGN|676||Y|1/1/1951||676|115154|Debit
WSC_BS_ACCOUNT_NATURAL_SIGN|677||Y|1/1/1951||677|115155|Credit
WSC_BS_ACCOUNT_NATURAL_SIGN|678||Y|1/1/1951||678|115156|Debit
WSC_BS_ACCOUNT_NATURAL_SIGN|679||Y|1/1/1951||679|115157|Debit
WSC_BS_ACCOUNT_NATURAL_SIGN|680||Y|1/1/1951||680|115158|Debit
WSC_BS_ACCOUNT_NATURAL_SIGN|681||Y|1/1/1951||681|115159|Debit
WSC_BS_ACCOUNT_NATURAL_SIGN|682||Y|1/1/1951||682|115160|Debit
WSC_BS_ACCOUNT_NATURAL_SIGN|683||Y|1/1/1951||683|115161|Debit
WSC_BS_ACCOUNT_NATURAL_SIGN|684||Y|1/1/1951||684|115162|Debit
WSC_BS_ACCOUNT_NATURAL_SIGN|685||Y|1/1/1951||685|115163|Debit
WSC_BS_ACCOUNT_NATURAL_SIGN|686||Y|1/1/1951||686|115164|Credit
WSC_BS_ACCOUNT_NATURAL_SIGN|687||Y|1/1/1951||687|115170|Debit
WSC_BS_ACCOUNT_NATURAL_SIGN|688||Y|1/1/1951||688|115171|Debit
WSC_BS_ACCOUNT_NATURAL_SIGN|689||Y|1/1/1951||689|115172|Debit
WSC_BS_ACCOUNT_NATURAL_SIGN|690||Y|1/1/1951||690|115173|Debit
WSC_BS_ACCOUNT_NATURAL_SIGN|691||Y|1/1/1951||691|115200|Credit
WSC_BS_ACCOUNT_NATURAL_SIGN|692||Y|1/1/1951||692|115201|Credit
WSC_BS_ACCOUNT_NATURAL_SIGN|693||Y|1/1/1951||693|115202|Credit
WSC_BS_ACCOUNT_NATURAL_SIGN|694||Y|1/1/1951||694|115203|Credit
WSC_BS_ACCOUNT_NATURAL_SIGN|695||Y|1/1/1951||695|115204|Credit
WSC_BS_ACCOUNT_NATURAL_SIGN|696||Y|1/1/1951||696|115205|Credit
WSC_BS_ACCOUNT_NATURAL_SIGN|697||Y|1/1/1951||697|115206|Credit
WSC_BS_ACCOUNT_NATURAL_SIGN|698||Y|1/1/1951||698|115207|Credit
WSC_BS_ACCOUNT_NATURAL_SIGN|699||Y|1/1/1951||699|115208|Credit
WSC_BS_ACCOUNT_NATURAL_SIGN|700||Y|1/1/1951||700|115209|Credit
WSC_BS_ACCOUNT_NATURAL_SIGN|701||Y|1/1/1951||701|115210|Debit
WSC_BS_ACCOUNT_NATURAL_SIGN|702||Y|1/1/1951||702|115211|Credit
WSC_BS_ACCOUNT_NATURAL_SIGN|703||Y|1/1/1951||703|115212|Credit
WSC_BS_ACCOUNT_NATURAL_SIGN|704||Y|1/1/1951||704|115213|Credit
WSC_BS_ACCOUNT_NATURAL_SIGN|705||Y|1/1/1951||705|116000|Debit
WSC_BS_ACCOUNT_NATURAL_SIGN|706||Y|1/1/1951||706|116001|Debit
WSC_BS_ACCOUNT_NATURAL_SIGN|707||Y|1/1/1951||707|116002|Debit
WSC_BS_ACCOUNT_NATURAL_SIGN|708||Y|1/1/1951||708|116003|Debit
WSC_BS_ACCOUNT_NATURAL_SIGN|709||Y|1/1/1951||709|117000|Debit
WSC_BS_ACCOUNT_NATURAL_SIGN|710||Y|1/1/1951||710|117100|Debit
WSC_BS_ACCOUNT_NATURAL_SIGN|711||Y|1/1/1951||711|117101|Debit
WSC_BS_ACCOUNT_NATURAL_SIGN|712||Y|1/1/1951||712|117102|Debit
WSC_BS_ACCOUNT_NATURAL_SIGN|713||Y|1/1/1951||713|117103|Debit
WSC_BS_ACCOUNT_NATURAL_SIGN|714||Y|1/1/1951||714|117104|Debit
WSC_BS_ACCOUNT_NATURAL_SIGN|715||Y|1/1/1951||715|117105|Debit
WSC_BS_ACCOUNT_NATURAL_SIGN|716||Y|1/1/1951||716|117106|Debit
WSC_BS_ACCOUNT_NATURAL_SIGN|717||Y|1/1/1951||717|117107|Debit
WSC_BS_ACCOUNT_NATURAL_SIGN|718||Y|1/1/1951||718|117108|Debit
WSC_BS_ACCOUNT_NATURAL_SIGN|719||Y|1/1/1951||719|117109|Debit
WSC_BS_ACCOUNT_NATURAL_SIGN|720||Y|1/1/1951||720|117110|Debit
WSC_BS_ACCOUNT_NATURAL_SIGN|721||Y|1/1/1951||721|117111|Debit
WSC_BS_ACCOUNT_NATURAL_SIGN|722||Y|1/1/1951||722|117112|Debit
WSC_BS_ACCOUNT_NATURAL_SIGN|723||Y|1/1/1951||723|117113|Debit
WSC_BS_ACCOUNT_NATURAL_SIGN|724||Y|1/1/1951||724|117114|Debit
WSC_BS_ACCOUNT_NATURAL_SIGN|725||Y|1/1/1951||725|117115|Debit
WSC_BS_ACCOUNT_NATURAL_SIGN|726||Y|1/1/1951||726|117116|Debit
WSC_BS_ACCOUNT_NATURAL_SIGN|727||Y|1/1/1951||727|117117|Debit
WSC_BS_ACCOUNT_NATURAL_SIGN|728||Y|1/1/1951||728|117118|Debit
WSC_BS_ACCOUNT_NATURAL_SIGN|729||Y|1/1/1951||729|117119|Debit
WSC_BS_ACCOUNT_NATURAL_SIGN|730||Y|1/1/1951||730|117120|Debit
WSC_BS_ACCOUNT_NATURAL_SIGN|731||Y|1/1/1951||731|117121|Debit
WSC_BS_ACCOUNT_NATURAL_SIGN|732||Y|1/1/1951||732|117122|Debit
WSC_BS_ACCOUNT_NATURAL_SIGN|733||Y|1/1/1951||733|117123|Debit
WSC_BS_ACCOUNT_NATURAL_SIGN|734||Y|1/1/1951||734|117200|Debit
WSC_BS_ACCOUNT_NATURAL_SIGN|735||Y|1/1/1951||735|117201|Debit
WSC_BS_ACCOUNT_NATURAL_SIGN|736||Y|1/1/1951||736|117202|Debit
WSC_BS_ACCOUNT_NATURAL_SIGN|737||Y|1/1/1951||737|117203|Debit
WSC_BS_ACCOUNT_NATURAL_SIGN|738||Y|1/1/1951||738|117204|Debit
WSC_BS_ACCOUNT_NATURAL_SIGN|739||Y|1/1/1951||739|117206|Debit
WSC_BS_ACCOUNT_NATURAL_SIGN|740||Y|1/1/1951||740|117207|Debit
WSC_BS_ACCOUNT_NATURAL_SIGN|741||Y|1/1/1951||741|117208|Debit
WSC_BS_ACCOUNT_NATURAL_SIGN|742||Y|1/1/1951||742|120000|Debit
WSC_BS_ACCOUNT_NATURAL_SIGN|743||Y|1/1/1951||743|121000|Debit
WSC_BS_ACCOUNT_NATURAL_SIGN|744||Y|1/1/1951||744|121100|Debit
WSC_BS_ACCOUNT_NATURAL_SIGN|745||Y|1/1/1951||745|121101|Debit
WSC_BS_ACCOUNT_NATURAL_SIGN|746||Y|1/1/1951||746|121102|Debit
WSC_BS_ACCOUNT_NATURAL_SIGN|747||Y|1/1/1951||747|121103|Debit
WSC_BS_ACCOUNT_NATURAL_SIGN|748||Y|1/1/1951||748|121104|Debit
WSC_BS_ACCOUNT_NATURAL_SIGN|749||Y|1/1/1951||749|121105|Debit
WSC_BS_ACCOUNT_NATURAL_SIGN|750||Y|1/1/1951||750|121106|Debit
WSC_BS_ACCOUNT_NATURAL_SIGN|751||Y|1/1/1951||751|121107|Debit
WSC_BS_ACCOUNT_NATURAL_SIGN|752||Y|1/1/1951||752|121108|Debit
WSC_BS_ACCOUNT_NATURAL_SIGN|753||Y|1/1/1951||753|121109|Debit
WSC_BS_ACCOUNT_NATURAL_SIGN|754||Y|1/1/1951||754|121110|Debit
WSC_BS_ACCOUNT_NATURAL_SIGN|755||Y|1/1/1951||755|121111|Debit
WSC_BS_ACCOUNT_NATURAL_SIGN|756||Y|1/1/1951||756|121112|Zero
WSC_BS_ACCOUNT_NATURAL_SIGN|757||Y|1/1/1951||757|121113|Zero
WSC_BS_ACCOUNT_NATURAL_SIGN|758||Y|1/1/1951||758|121114|Zero
WSC_BS_ACCOUNT_NATURAL_SIGN|759||Y|1/1/1951||759|121115|Zero
WSC_BS_ACCOUNT_NATURAL_SIGN|760||Y|1/1/1951||760|121116|Zero
WSC_BS_ACCOUNT_NATURAL_SIGN|761||Y|1/1/1951||761|121117|Zero
WSC_BS_ACCOUNT_NATURAL_SIGN|762||Y|1/1/1951||762|121118|Zero
WSC_BS_ACCOUNT_NATURAL_SIGN|763||Y|1/1/1951||763|121119|Zero
WSC_BS_ACCOUNT_NATURAL_SIGN|764||Y|1/1/1951||764|121120|Zero
WSC_BS_ACCOUNT_NATURAL_SIGN|765||Y|1/1/1951||765|121121|Zero
WSC_BS_ACCOUNT_NATURAL_SIGN|766||Y|1/1/1951||766|121122|Zero
WSC_BS_ACCOUNT_NATURAL_SIGN|767||Y|1/1/1951||767|121123|Zero
WSC_BS_ACCOUNT_NATURAL_SIGN|768||Y|1/1/1951||768|121124|Zero
WSC_BS_ACCOUNT_NATURAL_SIGN|769||Y|1/1/1951||769|121125|Zero
WSC_BS_ACCOUNT_NATURAL_SIGN|770||Y|1/1/1951||770|121126|Zero
WSC_BS_ACCOUNT_NATURAL_SIGN|771||Y|1/1/1951||771|121127|Zero
WSC_BS_ACCOUNT_NATURAL_SIGN|772||Y|1/1/1951||772|121128|Zero
WSC_BS_ACCOUNT_NATURAL_SIGN|773||Y|1/1/1951||773|121129|Zero
WSC_BS_ACCOUNT_NATURAL_SIGN|774||Y|1/1/1951||774|121130|Zero
WSC_BS_ACCOUNT_NATURAL_SIGN|775||Y|1/1/1951||775|121131|Zero
WSC_BS_ACCOUNT_NATURAL_SIGN|776||Y|1/1/1951||776|121132|Zero
WSC_BS_ACCOUNT_NATURAL_SIGN|777||Y|1/1/1951||777|121133|Zero
WSC_BS_ACCOUNT_NATURAL_SIGN|778||Y|1/1/1951||778|121134|Zero
WSC_BS_ACCOUNT_NATURAL_SIGN|779||Y|1/1/1951||779|121135|Zero
WSC_BS_ACCOUNT_NATURAL_SIGN|780||Y|1/1/1951||780|121136|Zero
WSC_BS_ACCOUNT_NATURAL_SIGN|781||Y|1/1/1951||781|121137|Zero
WSC_BS_ACCOUNT_NATURAL_SIGN|782||Y|1/1/1951||782|121138|Debit
WSC_BS_ACCOUNT_NATURAL_SIGN|783||Y|1/1/1951||783|121139|Debit
WSC_BS_ACCOUNT_NATURAL_SIGN|784||Y|1/1/1951||784|121140|Debit
WSC_BS_ACCOUNT_NATURAL_SIGN|785||Y|1/1/1951||785|121143|Debit
WSC_BS_ACCOUNT_NATURAL_SIGN|786||Y|1/1/1951||786|121145|Debit
WSC_BS_ACCOUNT_NATURAL_SIGN|787||Y|1/1/1951||787|121149|Debit
WSC_BS_ACCOUNT_NATURAL_SIGN|788||Y|1/1/1951||788|121152|Debit
WSC_BS_ACCOUNT_NATURAL_SIGN|789||Y|1/1/1951||789|121156|Debit
WSC_BS_ACCOUNT_NATURAL_SIGN|790||Y|1/1/1951||790|121300|Credit
WSC_BS_ACCOUNT_NATURAL_SIGN|791||Y|1/1/1951||791|121301|Credit
WSC_BS_ACCOUNT_NATURAL_SIGN|792||Y|1/1/1951||792|121302|Credit
WSC_BS_ACCOUNT_NATURAL_SIGN|793||Y|1/1/1951||793|121303|Credit
WSC_BS_ACCOUNT_NATURAL_SIGN|794||Y|1/1/1951||794|121304|Credit
WSC_BS_ACCOUNT_NATURAL_SIGN|795||Y|1/1/1951||795|121305|Credit
WSC_BS_ACCOUNT_NATURAL_SIGN|796||Y|1/1/1951||796|121306|Credit
WSC_BS_ACCOUNT_NATURAL_SIGN|797||Y|1/1/1951||797|121307|Credit
WSC_BS_ACCOUNT_NATURAL_SIGN|798||Y|1/1/1951||798|121308|Credit
WSC_BS_ACCOUNT_NATURAL_SIGN|799||Y|1/1/1951||799|121309|Credit
WSC_BS_ACCOUNT_NATURAL_SIGN|800||Y|1/1/1951||800|121310|Credit
WSC_BS_ACCOUNT_NATURAL_SIGN|801||Y|1/1/1951||801|121311|Credit
WSC_BS_ACCOUNT_NATURAL_SIGN|802||Y|1/1/1951||802|121314|Credit
WSC_BS_ACCOUNT_NATURAL_SIGN|803||Y|1/1/1951||803|121318|Credit
WSC_BS_ACCOUNT_NATURAL_SIGN|804||Y|1/1/1951||804|121321|Credit
WSC_BS_ACCOUNT_NATURAL_SIGN|805||Y|1/1/1951||805|121325|Credit
WSC_BS_ACCOUNT_NATURAL_SIGN|806||Y|1/1/1951||806|122000|Debit
WSC_BS_ACCOUNT_NATURAL_SIGN|807||Y|1/1/1951||807|122001|Debit
WSC_BS_ACCOUNT_NATURAL_SIGN|808||Y|1/1/1951||808|122002|Debit
WSC_BS_ACCOUNT_NATURAL_SIGN|809||Y|1/1/1951||809|122003|Debit
WSC_BS_ACCOUNT_NATURAL_SIGN|810||Y|1/1/1951||810|122004|Debit
WSC_BS_ACCOUNT_NATURAL_SIGN|811||Y|1/1/1951||811|122005|Credit
WSC_BS_ACCOUNT_NATURAL_SIGN|812||Y|1/1/1951||812|122006|Credit
WSC_BS_ACCOUNT_NATURAL_SIGN|813||Y|1/1/1951||813|122007|Credit
WSC_BS_ACCOUNT_NATURAL_SIGN|814||Y|1/1/1951||814|122008|Credit
WSC_BS_ACCOUNT_NATURAL_SIGN|815||Y|1/1/1951||815|122009|Debit
WSC_BS_ACCOUNT_NATURAL_SIGN|816||Y|1/1/1951||816|122010|Credit
WSC_BS_ACCOUNT_NATURAL_SIGN|817||Y|1/1/1951||817|123000|Debit
WSC_BS_ACCOUNT_NATURAL_SIGN|818||Y|1/1/1951||818|123101|Debit
WSC_BS_ACCOUNT_NATURAL_SIGN|819||Y|1/1/1951||819|123102|Debit
WSC_BS_ACCOUNT_NATURAL_SIGN|820||Y|1/1/1951||820|123103|Debit
WSC_BS_ACCOUNT_NATURAL_SIGN|821||Y|1/1/1951||821|123104|Debit
WSC_BS_ACCOUNT_NATURAL_SIGN|822||Y|1/1/1951||822|123105|Debit
WSC_BS_ACCOUNT_NATURAL_SIGN|823||Y|1/1/1951||823|123201|Credit
WSC_BS_ACCOUNT_NATURAL_SIGN|824||Y|1/1/1951||824|123202|Credit
WSC_BS_ACCOUNT_NATURAL_SIGN|825||Y|1/1/1951||825|123203|Credit
WSC_BS_ACCOUNT_NATURAL_SIGN|826||Y|1/1/1951||826|123204|Credit
WSC_BS_ACCOUNT_NATURAL_SIGN|827||Y|1/1/1951||827|123205|Credit
WSC_BS_ACCOUNT_NATURAL_SIGN|828||Y|1/1/1951||828|124000|Debit
WSC_BS_ACCOUNT_NATURAL_SIGN|829||Y|1/1/1951||829|124001|Debit
WSC_BS_ACCOUNT_NATURAL_SIGN|830||Y|1/1/1951||830|124002|Credit
WSC_BS_ACCOUNT_NATURAL_SIGN|831||Y|1/1/1951||831|124005|Flux
WSC_BS_ACCOUNT_NATURAL_SIGN|832||Y|1/1/1951||832|125000|Debit
WSC_BS_ACCOUNT_NATURAL_SIGN|833||Y|1/1/1951||833|125001|Debit
WSC_BS_ACCOUNT_NATURAL_SIGN|834||Y|1/1/1951||834|125002|Flux
WSC_BS_ACCOUNT_NATURAL_SIGN|835||Y|1/1/1951||835|125003|Debit
WSC_BS_ACCOUNT_NATURAL_SIGN|836||Y|1/1/1951||836|125004|Flux
WSC_BS_ACCOUNT_NATURAL_SIGN|837||Y|1/1/1951||837|125005|Debit
WSC_BS_ACCOUNT_NATURAL_SIGN|838||Y|1/1/1951||838|126000|Debit
WSC_BS_ACCOUNT_NATURAL_SIGN|839||Y|1/1/1951||839|126001|Debit
WSC_BS_ACCOUNT_NATURAL_SIGN|840||Y|1/1/1951||840|126004|Debit
WSC_BS_ACCOUNT_NATURAL_SIGN|841||Y|1/1/1951||841|126005|Debit
WSC_BS_ACCOUNT_NATURAL_SIGN|842||Y|1/1/1951||842|126006|Debit
WSC_BS_ACCOUNT_NATURAL_SIGN|843||Y|1/1/1951||843|126007|Debit
WSC_BS_ACCOUNT_NATURAL_SIGN|844||Y|1/1/1951||844|127000|Debit
WSC_BS_ACCOUNT_NATURAL_SIGN|845||Y|1/1/1951||845|127001|Debit
WSC_BS_ACCOUNT_NATURAL_SIGN|846||Y|1/1/1951||846|127002|Debit
WSC_BS_ACCOUNT_NATURAL_SIGN|847||Y|1/1/1951||847|128000|Debit
WSC_BS_ACCOUNT_NATURAL_SIGN|848||Y|1/1/1951||848|128001|Debit
WSC_BS_ACCOUNT_NATURAL_SIGN|849||Y|1/1/1951||849|128002|Debit
WSC_BS_ACCOUNT_NATURAL_SIGN|850||Y|1/1/1951||850|128003|Debit
WSC_BS_ACCOUNT_NATURAL_SIGN|851||Y|1/1/1951||851|128004|Debit
WSC_BS_ACCOUNT_NATURAL_SIGN|852||Y|1/1/1951||852|128006|Debit
WSC_BS_ACCOUNT_NATURAL_SIGN|853||Y|1/1/1951||853|128007|Debit
WSC_BS_ACCOUNT_NATURAL_SIGN|854||Y|1/1/1951||854|128009|Debit
WSC_BS_ACCOUNT_NATURAL_SIGN|855||Y|1/1/1951||855|128011|Debit
WSC_BS_ACCOUNT_NATURAL_SIGN|856||Y|1/1/1951||856|128012|Debit
WSC_BS_ACCOUNT_NATURAL_SIGN|857||Y|1/1/1951||857|128013|Debit
WSC_BS_ACCOUNT_NATURAL_SIGN|858||Y|1/1/1951||858|128017|Debit
WSC_BS_ACCOUNT_NATURAL_SIGN|859||Y|1/1/1951||859|128018|Credit
WSC_BS_ACCOUNT_NATURAL_SIGN|860||Y|1/1/1951||860|128019|Debit
WSC_BS_ACCOUNT_NATURAL_SIGN|861||Y|1/1/1951||861|128020|Debit
WSC_BS_ACCOUNT_NATURAL_SIGN|862||Y|1/1/1951||862|129000|Debit
WSC_BS_ACCOUNT_NATURAL_SIGN|863||Y|1/1/1951||863|129001|Debit
WSC_BS_ACCOUNT_NATURAL_SIGN|864||Y|1/1/1951||864|129002|Debit
WSC_BS_ACCOUNT_NATURAL_SIGN|865||Y|1/1/1951||865|129003|Debit
WSC_BS_ACCOUNT_NATURAL_SIGN|866||Y|1/1/1951||866|129004|Debit
WSC_BS_ACCOUNT_NATURAL_SIGN|867||Y|1/1/1951||867|129005|Debit
WSC_BS_ACCOUNT_NATURAL_SIGN|868||Y|1/1/1951||868|200000|Credit
WSC_BS_ACCOUNT_NATURAL_SIGN|869||Y|1/1/1951||869|210000|Credit
WSC_BS_ACCOUNT_NATURAL_SIGN|870||Y|1/1/1951||870|211000|Credit
WSC_BS_ACCOUNT_NATURAL_SIGN|871||Y|1/1/1951||871|211001|Credit
WSC_BS_ACCOUNT_NATURAL_SIGN|872||Y|1/1/1951||872|211002|Credit
WSC_BS_ACCOUNT_NATURAL_SIGN|873||Y|1/1/1951||873|211003|Credit
WSC_BS_ACCOUNT_NATURAL_SIGN|874||Y|1/1/1951||874|211004|Zero
WSC_BS_ACCOUNT_NATURAL_SIGN|875||Y|1/1/1951||875|211005|Debit
WSC_BS_ACCOUNT_NATURAL_SIGN|876||Y|1/1/1951||876|211006|Credit
WSC_BS_ACCOUNT_NATURAL_SIGN|877||Y|1/1/1951||877|211007|Credit
WSC_BS_ACCOUNT_NATURAL_SIGN|878||Y|1/1/1951||878|211008|Credit
WSC_BS_ACCOUNT_NATURAL_SIGN|879||Y|1/1/1951||879|211009|Credit
WSC_BS_ACCOUNT_NATURAL_SIGN|880||Y|1/1/1951||880|211010|Flux
WSC_BS_ACCOUNT_NATURAL_SIGN|881||Y|1/1/1951||881|211011|Credit
WSC_BS_ACCOUNT_NATURAL_SIGN|882||Y|1/1/1951||882|211012|Credit
WSC_BS_ACCOUNT_NATURAL_SIGN|883||Y|1/1/1951||883|211013|Debit
WSC_BS_ACCOUNT_NATURAL_SIGN|884||Y|1/1/1951||884|211014|Credit
WSC_BS_ACCOUNT_NATURAL_SIGN|885||Y|1/1/1951||885|211015|Credit
WSC_BS_ACCOUNT_NATURAL_SIGN|886||Y|1/1/1951||886|211016|Credit
WSC_BS_ACCOUNT_NATURAL_SIGN|887||Y|1/1/1951||887|211017|Credit
WSC_BS_ACCOUNT_NATURAL_SIGN|888||Y|1/1/1951||888|211018|Credit
WSC_BS_ACCOUNT_NATURAL_SIGN|889||Y|1/1/1951||889|211019|Credit
WSC_BS_ACCOUNT_NATURAL_SIGN|890||Y|1/1/1951||890|211020|Credit
WSC_BS_ACCOUNT_NATURAL_SIGN|891||Y|1/1/1951||891|211021|Credit
WSC_BS_ACCOUNT_NATURAL_SIGN|892||Y|1/1/1951||892|211022|Credit
WSC_BS_ACCOUNT_NATURAL_SIGN|893||Y|1/1/1951||893|211023|Credit
WSC_BS_ACCOUNT_NATURAL_SIGN|894||Y|1/1/1951||894|211024|Credit
WSC_BS_ACCOUNT_NATURAL_SIGN|895||Y|1/1/1951||895|211025|Credit
WSC_BS_ACCOUNT_NATURAL_SIGN|896||Y|1/1/1951||896|211026|Credit
WSC_BS_ACCOUNT_NATURAL_SIGN|897||Y|1/1/1951||897|211027|Credit
WSC_BS_ACCOUNT_NATURAL_SIGN|898||Y|1/1/1951||898|211028|Credit
WSC_BS_ACCOUNT_NATURAL_SIGN|899||Y|1/1/1951||899|211029|Credit
WSC_BS_ACCOUNT_NATURAL_SIGN|900||Y|1/1/1951||900|211030|Credit
WSC_BS_ACCOUNT_NATURAL_SIGN|901||Y|1/1/1951||901|211031|Credit
WSC_BS_ACCOUNT_NATURAL_SIGN|902||Y|1/1/1951||902|211032|Credit
WSC_BS_ACCOUNT_NATURAL_SIGN|903||Y|1/1/1951||903|211033|Debit
WSC_BS_ACCOUNT_NATURAL_SIGN|904||Y|1/1/1951||904|211034|Credit
WSC_BS_ACCOUNT_NATURAL_SIGN|905||Y|1/1/1951||905|211035|Credit
WSC_BS_ACCOUNT_NATURAL_SIGN|906||Y|1/1/1951||906|211036|Credit
WSC_BS_ACCOUNT_NATURAL_SIGN|907||Y|1/1/1951||907|211037|Flux
WSC_BS_ACCOUNT_NATURAL_SIGN|908||Y|1/1/1951||908|211038|Flux
WSC_BS_ACCOUNT_NATURAL_SIGN|909||Y|1/1/1951||909|211039|Credit
WSC_BS_ACCOUNT_NATURAL_SIGN|910||Y|1/1/1951||910|211040|Credit
WSC_BS_ACCOUNT_NATURAL_SIGN|911||Y|1/1/1951||911|211041|Credit
WSC_BS_ACCOUNT_NATURAL_SIGN|912||Y|1/1/1951||912|211042|Credit
WSC_BS_ACCOUNT_NATURAL_SIGN|913||Y|1/1/1951||913|211043|Credit
WSC_BS_ACCOUNT_NATURAL_SIGN|914||Y|1/1/1951||914|211044|Flux
WSC_BS_ACCOUNT_NATURAL_SIGN|915||Y|1/1/1951||915|211045|Credit
WSC_BS_ACCOUNT_NATURAL_SIGN|916||Y|1/1/1951||916|211046|Credit
WSC_BS_ACCOUNT_NATURAL_SIGN|917||Y|1/1/1951||917|211047|Credit
WSC_BS_ACCOUNT_NATURAL_SIGN|918||Y|1/1/1951||918|211048|Credit
WSC_BS_ACCOUNT_NATURAL_SIGN|919||Y|1/1/1951||919|211049|Credit
WSC_BS_ACCOUNT_NATURAL_SIGN|920||Y|1/1/1951||920|211050|Credit
WSC_BS_ACCOUNT_NATURAL_SIGN|921||Y|1/1/1951||921|211051|Debit
WSC_BS_ACCOUNT_NATURAL_SIGN|922||Y|1/1/1951||922|211052|Credit
WSC_BS_ACCOUNT_NATURAL_SIGN|923||Y|1/1/1951||923|211053|Credit
WSC_BS_ACCOUNT_NATURAL_SIGN|924||Y|1/1/1951||924|211054|Credit
WSC_BS_ACCOUNT_NATURAL_SIGN|925||Y|1/1/1951||925|211055|Credit
WSC_BS_ACCOUNT_NATURAL_SIGN|926||Y|1/1/1951||926|211056|Credit
WSC_BS_ACCOUNT_NATURAL_SIGN|927||Y|1/1/1951||927|211057|Credit
WSC_BS_ACCOUNT_NATURAL_SIGN|928||Y|1/1/1951||928|211058|Credit
WSC_BS_ACCOUNT_NATURAL_SIGN|929||Y|1/1/1951||929|211059|Credit
WSC_BS_ACCOUNT_NATURAL_SIGN|930||Y|1/1/1951||930|211060|Credit
WSC_BS_ACCOUNT_NATURAL_SIGN|931||Y|1/1/1951||931|211061|Credit
WSC_BS_ACCOUNT_NATURAL_SIGN|932||Y|1/1/1951||932|211062|Credit
WSC_BS_ACCOUNT_NATURAL_SIGN|933||Y|1/1/1951||933|211063|Credit
WSC_BS_ACCOUNT_NATURAL_SIGN|934||Y|1/1/1951||934|211064|Credit
WSC_BS_ACCOUNT_NATURAL_SIGN|935||Y|1/1/1951||935|211065|Credit
WSC_BS_ACCOUNT_NATURAL_SIGN|936||Y|1/1/1951||936|211066|Credit
WSC_BS_ACCOUNT_NATURAL_SIGN|937||Y|1/1/1951||937|211067|Credit
WSC_BS_ACCOUNT_NATURAL_SIGN|938||Y|1/1/1951||938|211068|Debit
WSC_BS_ACCOUNT_NATURAL_SIGN|939||Y|1/1/1951||939|211069|Debit
WSC_BS_ACCOUNT_NATURAL_SIGN|940||Y|1/1/1951||940|211070|Credit
WSC_BS_ACCOUNT_NATURAL_SIGN|941||Y|1/1/1951||941|211071|Credit
WSC_BS_ACCOUNT_NATURAL_SIGN|942||Y|1/1/1951||942|211072|Credit
WSC_BS_ACCOUNT_NATURAL_SIGN|943||Y|1/1/1951||943|211100|Credit
WSC_BS_ACCOUNT_NATURAL_SIGN|944||Y|1/1/1951||944|211110|Credit
WSC_BS_ACCOUNT_NATURAL_SIGN|945||Y|1/1/1951||945|211120|Credit
WSC_BS_ACCOUNT_NATURAL_SIGN|946||Y|1/1/1951||946|212000|Credit
WSC_BS_ACCOUNT_NATURAL_SIGN|947||Y|1/1/1951||947|212001|Credit
WSC_BS_ACCOUNT_NATURAL_SIGN|948||Y|1/1/1951||948|212004|Credit
WSC_BS_ACCOUNT_NATURAL_SIGN|949||Y|1/1/1951||949|212005|Credit
WSC_BS_ACCOUNT_NATURAL_SIGN|950||Y|1/1/1951||950|212006|Credit
WSC_BS_ACCOUNT_NATURAL_SIGN|951||Y|1/1/1951||951|212007|Credit
WSC_BS_ACCOUNT_NATURAL_SIGN|952||Y|1/1/1951||952|212009|Credit
WSC_BS_ACCOUNT_NATURAL_SIGN|953||Y|1/1/1951||953|212010|Credit
WSC_BS_ACCOUNT_NATURAL_SIGN|954||Y|1/1/1951||954|212011|Flux
WSC_BS_ACCOUNT_NATURAL_SIGN|955||Y|1/1/1951||955|212012|Flux
WSC_BS_ACCOUNT_NATURAL_SIGN|956||Y|1/1/1951||956|212013|Flux
WSC_BS_ACCOUNT_NATURAL_SIGN|957||Y|1/1/1951||957|212014|Flux
WSC_BS_ACCOUNT_NATURAL_SIGN|958||Y|1/1/1951||958|212015|Flux
WSC_BS_ACCOUNT_NATURAL_SIGN|959||Y|1/1/1951||959|212016|Flux
WSC_BS_ACCOUNT_NATURAL_SIGN|960||Y|1/1/1951||960|212017|Flux
WSC_BS_ACCOUNT_NATURAL_SIGN|961||Y|1/1/1951||961|212018|Flux
WSC_BS_ACCOUNT_NATURAL_SIGN|962||Y|1/1/1951||962|212019|Flux
WSC_BS_ACCOUNT_NATURAL_SIGN|963||Y|1/1/1951||963|212020|Credit
WSC_BS_ACCOUNT_NATURAL_SIGN|964||Y|1/1/1951||964|212023|Credit
WSC_BS_ACCOUNT_NATURAL_SIGN|965||Y|1/1/1951||965|212024|Flux
WSC_BS_ACCOUNT_NATURAL_SIGN|966||Y|1/1/1951||966|212025|Flux
WSC_BS_ACCOUNT_NATURAL_SIGN|967||Y|1/1/1951||967|212026|Credit
WSC_BS_ACCOUNT_NATURAL_SIGN|968||Y|1/1/1951||968|212027|Credit
WSC_BS_ACCOUNT_NATURAL_SIGN|969||Y|1/1/1951||969|212028|Flux
WSC_BS_ACCOUNT_NATURAL_SIGN|970||Y|1/1/1951||970|212029|Credit
WSC_BS_ACCOUNT_NATURAL_SIGN|971||Y|1/1/1951||971|212031|Credit
WSC_BS_ACCOUNT_NATURAL_SIGN|972||Y|1/1/1951||972|212032|Credit
WSC_BS_ACCOUNT_NATURAL_SIGN|973||Y|1/1/1951||973|212033|Flux
WSC_BS_ACCOUNT_NATURAL_SIGN|974||Y|1/1/1951||974|212034|Credit
WSC_BS_ACCOUNT_NATURAL_SIGN|975||Y|1/1/1951||975|212038|Flux
WSC_BS_ACCOUNT_NATURAL_SIGN|976||Y|1/1/1951||976|212039|Credit
WSC_BS_ACCOUNT_NATURAL_SIGN|977||Y|1/1/1951||977|212040|Credit
WSC_BS_ACCOUNT_NATURAL_SIGN|978||Y|1/1/1951||978|212042|Flux
WSC_BS_ACCOUNT_NATURAL_SIGN|979||Y|1/1/1951||979|212043|Credit
WSC_BS_ACCOUNT_NATURAL_SIGN|980||Y|1/1/1951||980|212045|Credit
WSC_BS_ACCOUNT_NATURAL_SIGN|981||Y|1/1/1951||981|212046|Credit
WSC_BS_ACCOUNT_NATURAL_SIGN|982||Y|1/1/1951||982|212047|Credit
WSC_BS_ACCOUNT_NATURAL_SIGN|983||Y|1/1/1951||983|212048|Credit
WSC_BS_ACCOUNT_NATURAL_SIGN|984||Y|1/1/1951||984|212050|Credit
WSC_BS_ACCOUNT_NATURAL_SIGN|985||Y|1/1/1951||985|213000|Credit
WSC_BS_ACCOUNT_NATURAL_SIGN|986||Y|1/1/1951||986|213001|Credit
WSC_BS_ACCOUNT_NATURAL_SIGN|987||Y|1/1/1951||987|213002|Credit
WSC_BS_ACCOUNT_NATURAL_SIGN|988||Y|1/1/1951||988|213003|Credit
WSC_BS_ACCOUNT_NATURAL_SIGN|989||Y|1/1/1951||989|213004|Credit
WSC_BS_ACCOUNT_NATURAL_SIGN|990||Y|1/1/1951||990|213005|Credit
WSC_BS_ACCOUNT_NATURAL_SIGN|991||Y|1/1/1951||991|213006|Credit
WSC_BS_ACCOUNT_NATURAL_SIGN|992||Y|1/1/1951||992|213007|Credit
WSC_BS_ACCOUNT_NATURAL_SIGN|993||Y|1/1/1951||993|213008|Credit
WSC_BS_ACCOUNT_NATURAL_SIGN|994||Y|1/1/1951||994|213009|Credit
WSC_BS_ACCOUNT_NATURAL_SIGN|995||Y|1/1/1951||995|213010|Credit
WSC_BS_ACCOUNT_NATURAL_SIGN|996||Y|1/1/1951||996|213011|Credit
WSC_BS_ACCOUNT_NATURAL_SIGN|997||Y|1/1/1951||997|213012|Credit
WSC_BS_ACCOUNT_NATURAL_SIGN|998||Y|1/1/1951||998|213013|Credit
WSC_BS_ACCOUNT_NATURAL_SIGN|999||Y|1/1/1951||999|213014|Credit
WSC_BS_ACCOUNT_NATURAL_SIGN|1000||Y|1/1/1951||1000|213015|Credit
WSC_BS_ACCOUNT_NATURAL_SIGN|1001||Y|1/1/1951||1001|213016|Credit
WSC_BS_ACCOUNT_NATURAL_SIGN|1002||Y|1/1/1951||1002|213017|Credit
WSC_BS_ACCOUNT_NATURAL_SIGN|1003||Y|1/1/1951||1003|213018|Credit
WSC_BS_ACCOUNT_NATURAL_SIGN|1004||Y|1/1/1951||1004|213019|Credit
WSC_BS_ACCOUNT_NATURAL_SIGN|1005||Y|1/1/1951||1005|213020|Credit
WSC_BS_ACCOUNT_NATURAL_SIGN|1006||Y|1/1/1951||1006|213021|Credit
WSC_BS_ACCOUNT_NATURAL_SIGN|1007||Y|1/1/1951||1007|213022|Credit
WSC_BS_ACCOUNT_NATURAL_SIGN|1008||Y|1/1/1951||1008|213023|Credit
WSC_BS_ACCOUNT_NATURAL_SIGN|1009||Y|1/1/1951||1009|213024|Credit
WSC_BS_ACCOUNT_NATURAL_SIGN|1010||Y|1/1/1951||1010|213026|Credit
WSC_BS_ACCOUNT_NATURAL_SIGN|1011||Y|1/1/1951||1011|213027|Credit
WSC_BS_ACCOUNT_NATURAL_SIGN|1012||Y|1/1/1951||1012|213028|Credit
WSC_BS_ACCOUNT_NATURAL_SIGN|1013||Y|1/1/1951||1013|213029|Credit
WSC_BS_ACCOUNT_NATURAL_SIGN|1014||Y|1/1/1951||1014|213030|Credit
WSC_BS_ACCOUNT_NATURAL_SIGN|1015||Y|1/1/1951||1015|213031|Credit
WSC_BS_ACCOUNT_NATURAL_SIGN|1016||Y|1/1/1951||1016|213032|Credit
WSC_BS_ACCOUNT_NATURAL_SIGN|1017||Y|1/1/1951||1017|213033|Credit
WSC_BS_ACCOUNT_NATURAL_SIGN|1018||Y|1/1/1951||1018|213034|Credit
WSC_BS_ACCOUNT_NATURAL_SIGN|1019||Y|1/1/1951||1019|213035|Credit
WSC_BS_ACCOUNT_NATURAL_SIGN|1020||Y|1/1/1951||1020|213036|Credit
WSC_BS_ACCOUNT_NATURAL_SIGN|1021||Y|1/1/1951||1021|213037|Credit
WSC_BS_ACCOUNT_NATURAL_SIGN|1022||Y|1/1/1951||1022|213038|Credit
WSC_BS_ACCOUNT_NATURAL_SIGN|1023||Y|1/1/1951||1023|213039|Credit
WSC_BS_ACCOUNT_NATURAL_SIGN|1024||Y|1/1/1951||1024|213040|Credit
WSC_BS_ACCOUNT_NATURAL_SIGN|1025||Y|1/1/1951||1025|213041|Credit
WSC_BS_ACCOUNT_NATURAL_SIGN|1026||Y|1/1/1951||1026|213042|Credit
WSC_BS_ACCOUNT_NATURAL_SIGN|1027||Y|1/1/1951||1027|213043|Credit
WSC_BS_ACCOUNT_NATURAL_SIGN|1028||Y|1/1/1951||1028|213044|Flux
WSC_BS_ACCOUNT_NATURAL_SIGN|1029||Y|1/1/1951||1029|213045|Credit
WSC_BS_ACCOUNT_NATURAL_SIGN|1030||Y|1/1/1951||1030|213046|Credit
WSC_BS_ACCOUNT_NATURAL_SIGN|1031||Y|1/1/1951||1031|213047|Credit
WSC_BS_ACCOUNT_NATURAL_SIGN|1032||Y|1/1/1951||1032|213048|Credit
WSC_BS_ACCOUNT_NATURAL_SIGN|1033||Y|1/1/1951||1033|213049|Credit
WSC_BS_ACCOUNT_NATURAL_SIGN|1034||Y|1/1/1951||1034|213050|Credit
WSC_BS_ACCOUNT_NATURAL_SIGN|1035||Y|1/1/1951||1035|213051|Credit
WSC_BS_ACCOUNT_NATURAL_SIGN|1036||Y|1/1/1951||1036|213052|Credit
WSC_BS_ACCOUNT_NATURAL_SIGN|1037||Y|1/1/1951||1037|213053|Credit
WSC_BS_ACCOUNT_NATURAL_SIGN|1038||Y|1/1/1951||1038|213054|Credit
WSC_BS_ACCOUNT_NATURAL_SIGN|1039||Y|1/1/1951||1039|213055|Credit
WSC_BS_ACCOUNT_NATURAL_SIGN|1040||Y|1/1/1951||1040|213056|Credit
WSC_BS_ACCOUNT_NATURAL_SIGN|1041||Y|1/1/1951||1041|213057|Credit
WSC_BS_ACCOUNT_NATURAL_SIGN|1042||Y|1/1/1951||1042|213058|Credit
WSC_BS_ACCOUNT_NATURAL_SIGN|1043||Y|1/1/1951||1043|213059|Credit
WSC_BS_ACCOUNT_NATURAL_SIGN|1044||Y|1/1/1951||1044|213060|Credit
WSC_BS_ACCOUNT_NATURAL_SIGN|1045||Y|1/1/1951||1045|213061|Credit
WSC_BS_ACCOUNT_NATURAL_SIGN|1046||Y|1/1/1951||1046|213062|Credit
WSC_BS_ACCOUNT_NATURAL_SIGN|1047||Y|1/1/1951||1047|213063|Credit
WSC_BS_ACCOUNT_NATURAL_SIGN|1048||Y|1/1/1951||1048|213064|Credit
WSC_BS_ACCOUNT_NATURAL_SIGN|1049||Y|1/1/1951||1049|213065|Credit
WSC_BS_ACCOUNT_NATURAL_SIGN|1050||Y|1/1/1951||1050|213066|Credit
WSC_BS_ACCOUNT_NATURAL_SIGN|1051||Y|1/1/1951||1051|213067|Credit
WSC_BS_ACCOUNT_NATURAL_SIGN|1052||Y|1/1/1951||1052|213068|Credit
WSC_BS_ACCOUNT_NATURAL_SIGN|1053||Y|1/1/1951||1053|213069|Credit
WSC_BS_ACCOUNT_NATURAL_SIGN|1054||Y|1/1/1951||1054|213070|Credit
WSC_BS_ACCOUNT_NATURAL_SIGN|1055||Y|1/1/1951||1055|213071|Credit
WSC_BS_ACCOUNT_NATURAL_SIGN|1056||Y|1/1/1951||1056|213072|Credit
WSC_BS_ACCOUNT_NATURAL_SIGN|1057||Y|1/1/1951||1057|213073|Credit
WSC_BS_ACCOUNT_NATURAL_SIGN|1058||Y|1/1/1951||1058|213074|Credit
WSC_BS_ACCOUNT_NATURAL_SIGN|1059||Y|1/1/1951||1059|213075|Credit
WSC_BS_ACCOUNT_NATURAL_SIGN|1060||Y|1/1/1951||1060|213076|Credit
WSC_BS_ACCOUNT_NATURAL_SIGN|1061||Y|1/1/1951||1061|213077|Credit
WSC_BS_ACCOUNT_NATURAL_SIGN|1062||Y|1/1/1951||1062|213078|Credit
WSC_BS_ACCOUNT_NATURAL_SIGN|1063||Y|1/1/1951||1063|213079|Credit
WSC_BS_ACCOUNT_NATURAL_SIGN|1064||Y|1/1/1951||1064|213080|Credit
WSC_BS_ACCOUNT_NATURAL_SIGN|1065||Y|1/1/1951||1065|213081|Credit
WSC_BS_ACCOUNT_NATURAL_SIGN|1066||Y|1/1/1951||1066|213082|Credit
WSC_BS_ACCOUNT_NATURAL_SIGN|1067||Y|1/1/1951||1067|214000|Credit
WSC_BS_ACCOUNT_NATURAL_SIGN|1068||Y|1/1/1951||1068|214001|Credit
WSC_BS_ACCOUNT_NATURAL_SIGN|1069||Y|1/1/1951||1069|214002|Credit
WSC_BS_ACCOUNT_NATURAL_SIGN|1070||Y|1/1/1951||1070|214003|Credit
WSC_BS_ACCOUNT_NATURAL_SIGN|1071||Y|1/1/1951||1071|214004|Credit
WSC_BS_ACCOUNT_NATURAL_SIGN|1072||Y|1/1/1951||1072|215000|Credit
WSC_BS_ACCOUNT_NATURAL_SIGN|1073||Y|1/1/1951||1073|215001|Credit
WSC_BS_ACCOUNT_NATURAL_SIGN|1074||Y|1/1/1951||1074|215002|Credit
WSC_BS_ACCOUNT_NATURAL_SIGN|1075||Y|1/1/1951||1075|215003|Credit
WSC_BS_ACCOUNT_NATURAL_SIGN|1076||Y|1/1/1951||1076|215004|Credit
WSC_BS_ACCOUNT_NATURAL_SIGN|1077||Y|1/1/1951||1077|216000|Credit
WSC_BS_ACCOUNT_NATURAL_SIGN|1078||Y|1/1/1951||1078|216001|Credit
WSC_BS_ACCOUNT_NATURAL_SIGN|1079||Y|1/1/1951||1079|217000|Credit
WSC_BS_ACCOUNT_NATURAL_SIGN|1080||Y|1/1/1951||1080|217001|Credit
WSC_BS_ACCOUNT_NATURAL_SIGN|1081||Y|1/1/1951||1081|217002|Credit
WSC_BS_ACCOUNT_NATURAL_SIGN|1082||Y|1/1/1951||1082|217003|Credit
WSC_BS_ACCOUNT_NATURAL_SIGN|1083||Y|1/1/1951||1083|218000|Credit
WSC_BS_ACCOUNT_NATURAL_SIGN|1084||Y|1/1/1951||1084|218001|Credit
WSC_BS_ACCOUNT_NATURAL_SIGN|1085||Y|1/1/1951||1085|218002|Credit
WSC_BS_ACCOUNT_NATURAL_SIGN|1086||Y|1/1/1951||1086|218003|Credit
WSC_BS_ACCOUNT_NATURAL_SIGN|1087||Y|1/1/1951||1087|218004|Credit
WSC_BS_ACCOUNT_NATURAL_SIGN|1088||Y|1/1/1951||1088|218005|Credit
WSC_BS_ACCOUNT_NATURAL_SIGN|1089||Y|1/1/1951||1089|218006|Credit
WSC_BS_ACCOUNT_NATURAL_SIGN|1090||Y|1/1/1951||1090|218007|Credit
WSC_BS_ACCOUNT_NATURAL_SIGN|1091||Y|1/1/1951||1091|218008|Credit
WSC_BS_ACCOUNT_NATURAL_SIGN|1092||Y|1/1/1951||1092|218009|Credit
WSC_BS_ACCOUNT_NATURAL_SIGN|1093||Y|1/1/1951||1093|218010|Credit
WSC_BS_ACCOUNT_NATURAL_SIGN|1094||Y|1/1/1951||1094|218011|Credit
WSC_BS_ACCOUNT_NATURAL_SIGN|1095||Y|1/1/1951||1095|218012|Credit
WSC_BS_ACCOUNT_NATURAL_SIGN|1096||Y|1/1/1951||1096|218013|Credit
WSC_BS_ACCOUNT_NATURAL_SIGN|1097||Y|1/1/1951||1097|218014|Credit
WSC_BS_ACCOUNT_NATURAL_SIGN|1098||Y|1/1/1951||1098|218015|Credit
WSC_BS_ACCOUNT_NATURAL_SIGN|1099||Y|1/1/1951||1099|218016|Credit
WSC_BS_ACCOUNT_NATURAL_SIGN|1100||Y|1/1/1951||1100|218017|Credit
WSC_BS_ACCOUNT_NATURAL_SIGN|1101||Y|1/1/1951||1101|218018|Credit
WSC_BS_ACCOUNT_NATURAL_SIGN|1102||Y|1/1/1951||1102|218019|Credit
WSC_BS_ACCOUNT_NATURAL_SIGN|1103||Y|1/1/1951||1103|218020|Credit
WSC_BS_ACCOUNT_NATURAL_SIGN|1104||Y|1/1/1951||1104|218021|Credit
WSC_BS_ACCOUNT_NATURAL_SIGN|1105||Y|1/1/1951||1105|218022|Credit
WSC_BS_ACCOUNT_NATURAL_SIGN|1106||Y|1/1/1951||1106|218023|Credit
WSC_BS_ACCOUNT_NATURAL_SIGN|1107||Y|1/1/1951||1107|218024|Credit
WSC_BS_ACCOUNT_NATURAL_SIGN|1108||Y|1/1/1951||1108|218025|Credit
WSC_BS_ACCOUNT_NATURAL_SIGN|1109||Y|1/1/1951||1109|218026|Credit
WSC_BS_ACCOUNT_NATURAL_SIGN|1110||Y|1/1/1951||1110|218027|Credit
WSC_BS_ACCOUNT_NATURAL_SIGN|1111||Y|1/1/1951||1111|218028|Credit
WSC_BS_ACCOUNT_NATURAL_SIGN|1112||Y|1/1/1951||1112|218029|Credit
WSC_BS_ACCOUNT_NATURAL_SIGN|1113||Y|1/1/1951||1113|218030|Credit
WSC_BS_ACCOUNT_NATURAL_SIGN|1114||Y|1/1/1951||1114|218031|Credit
WSC_BS_ACCOUNT_NATURAL_SIGN|1115||Y|1/1/1951||1115|218032|Credit
WSC_BS_ACCOUNT_NATURAL_SIGN|1116||Y|1/1/1951||1116|218035|Credit
WSC_BS_ACCOUNT_NATURAL_SIGN|1117||Y|1/1/1951||1117|218036|Credit
WSC_BS_ACCOUNT_NATURAL_SIGN|1118||Y|1/1/1951||1118|218037|Credit
WSC_BS_ACCOUNT_NATURAL_SIGN|1119||Y|1/1/1951||1119|218038|Credit
WSC_BS_ACCOUNT_NATURAL_SIGN|1120||Y|1/1/1951||1120|218039|Credit
WSC_BS_ACCOUNT_NATURAL_SIGN|1121||Y|1/1/1951||1121|218040|Credit
WSC_BS_ACCOUNT_NATURAL_SIGN|1122||Y|1/1/1951||1122|218041|Credit
WSC_BS_ACCOUNT_NATURAL_SIGN|1123||Y|1/1/1951||1123|218042|Credit
WSC_BS_ACCOUNT_NATURAL_SIGN|1124||Y|1/1/1951||1124|218043|Credit
WSC_BS_ACCOUNT_NATURAL_SIGN|1125||Y|1/1/1951||1125|218044|Credit
WSC_BS_ACCOUNT_NATURAL_SIGN|1126||Y|1/1/1951||1126|218045|Credit
WSC_BS_ACCOUNT_NATURAL_SIGN|1127||Y|1/1/1951||1127|218046|Credit
WSC_BS_ACCOUNT_NATURAL_SIGN|1128||Y|1/1/1951||1128|218047|Credit
WSC_BS_ACCOUNT_NATURAL_SIGN|1129||Y|1/1/1951||1129|218048|Credit
WSC_BS_ACCOUNT_NATURAL_SIGN|1130||Y|1/1/1951||1130|218049|Credit
WSC_BS_ACCOUNT_NATURAL_SIGN|1131||Y|1/1/1951||1131|218050|Credit
WSC_BS_ACCOUNT_NATURAL_SIGN|1132||Y|1/1/1951||1132|218051|Credit
WSC_BS_ACCOUNT_NATURAL_SIGN|1133||Y|1/1/1951||1133|218052|Credit
WSC_BS_ACCOUNT_NATURAL_SIGN|1134||Y|1/1/1951||1134|218053|Credit
WSC_BS_ACCOUNT_NATURAL_SIGN|1135||Y|1/1/1951||1135|218054|Credit
WSC_BS_ACCOUNT_NATURAL_SIGN|1136||Y|1/1/1951||1136|218055|Credit
WSC_BS_ACCOUNT_NATURAL_SIGN|1137||Y|1/1/1951||1137|218056|Credit
WSC_BS_ACCOUNT_NATURAL_SIGN|1138||Y|1/1/1951||1138|218057|Credit
WSC_BS_ACCOUNT_NATURAL_SIGN|1139||Y|1/1/1951||1139|218058|Credit
WSC_BS_ACCOUNT_NATURAL_SIGN|1140||Y|1/1/1951||1140|218059|Credit
WSC_BS_ACCOUNT_NATURAL_SIGN|1141||Y|1/1/1951||1141|218060|Credit
WSC_BS_ACCOUNT_NATURAL_SIGN|1142||Y|1/1/1951||1142|218061|Debit
WSC_BS_ACCOUNT_NATURAL_SIGN|1143||Y|1/1/1951||1143|218062|Credit
WSC_BS_ACCOUNT_NATURAL_SIGN|1144||Y|1/1/1951||1144|218063|Credit
WSC_BS_ACCOUNT_NATURAL_SIGN|1145||Y|1/1/1951||1145|218064|Credit
WSC_BS_ACCOUNT_NATURAL_SIGN|1146||Y|1/1/1951||1146|218065|Credit
WSC_BS_ACCOUNT_NATURAL_SIGN|1147||Y|1/1/1951||1147|218066|Credit
WSC_BS_ACCOUNT_NATURAL_SIGN|1148||Y|1/1/1951||1148|218067|Credit
WSC_BS_ACCOUNT_NATURAL_SIGN|1149||Y|1/1/1951||1149|218068|Credit
WSC_BS_ACCOUNT_NATURAL_SIGN|1150||Y|1/1/1951||1150|218069|Credit
WSC_BS_ACCOUNT_NATURAL_SIGN|1151||Y|1/1/1951||1151|218070|Credit
WSC_BS_ACCOUNT_NATURAL_SIGN|1152||Y|1/1/1951||1152|218071|Credit
WSC_BS_ACCOUNT_NATURAL_SIGN|1153||Y|1/1/1951||1153|218072|Credit
WSC_BS_ACCOUNT_NATURAL_SIGN|1154||Y|1/1/1951||1154|218073|Credit
WSC_BS_ACCOUNT_NATURAL_SIGN|1155||Y|1/1/1951||1155|218074|Credit
WSC_BS_ACCOUNT_NATURAL_SIGN|1156||Y|1/1/1951||1156|218075|Credit
WSC_BS_ACCOUNT_NATURAL_SIGN|1157||Y|1/1/1951||1157|218076|Credit
WSC_BS_ACCOUNT_NATURAL_SIGN|1158||Y|1/1/1951||1158|218077|Credit
WSC_BS_ACCOUNT_NATURAL_SIGN|1159||Y|1/1/1951||1159|218078|Credit
WSC_BS_ACCOUNT_NATURAL_SIGN|1160||Y|1/1/1951||1160|218079|Credit
WSC_BS_ACCOUNT_NATURAL_SIGN|1161||Y|1/1/1951||1161|218080|Credit
WSC_BS_ACCOUNT_NATURAL_SIGN|1162||Y|1/1/1951||1162|218081|Credit
WSC_BS_ACCOUNT_NATURAL_SIGN|1163||Y|1/1/1951||1163|218082|Debit
WSC_BS_ACCOUNT_NATURAL_SIGN|1164||Y|1/1/1951||1164|218083|Debit
WSC_BS_ACCOUNT_NATURAL_SIGN|1165||Y|1/1/1951||1165|218084|Flux
WSC_BS_ACCOUNT_NATURAL_SIGN|1166||Y|1/1/1951||1166|218085|Credit
WSC_BS_ACCOUNT_NATURAL_SIGN|1167||Y|1/1/1951||1167|218086|Credit
WSC_BS_ACCOUNT_NATURAL_SIGN|1168||Y|1/1/1951||1168|218087|Credit
WSC_BS_ACCOUNT_NATURAL_SIGN|1169||Y|1/1/1951||1169|218088|Credit
WSC_BS_ACCOUNT_NATURAL_SIGN|1170||Y|1/1/1951||1170|218089|Credit
WSC_BS_ACCOUNT_NATURAL_SIGN|1171||Y|1/1/1951||1171|218090|Credit
WSC_BS_ACCOUNT_NATURAL_SIGN|1172||Y|1/1/1951||1172|218091|Credit
WSC_BS_ACCOUNT_NATURAL_SIGN|1173||Y|1/1/1951||1173|218092|Credit
WSC_BS_ACCOUNT_NATURAL_SIGN|1174||Y|1/1/1951||1174|218093|Credit
WSC_BS_ACCOUNT_NATURAL_SIGN|1175||Y|1/1/1951||1175|218094|Credit
WSC_BS_ACCOUNT_NATURAL_SIGN|1176||Y|1/1/1951||1176|218095|Credit
WSC_BS_ACCOUNT_NATURAL_SIGN|1177||Y|1/1/1951||1177|218096|Credit
WSC_BS_ACCOUNT_NATURAL_SIGN|1178||Y|1/1/1951||1178|218097|Credit
WSC_BS_ACCOUNT_NATURAL_SIGN|1179||Y|1/1/1951||1179|218098|Credit
WSC_BS_ACCOUNT_NATURAL_SIGN|1180||Y|1/1/1951||1180|218100|Credit
WSC_BS_ACCOUNT_NATURAL_SIGN|1181||Y|1/1/1951||1181|218600|Credit
WSC_BS_ACCOUNT_NATURAL_SIGN|1182||Y|1/1/1951||1182|218601|Credit
WSC_BS_ACCOUNT_NATURAL_SIGN|1183||Y|1/1/1951||1183|218602|Credit
WSC_BS_ACCOUNT_NATURAL_SIGN|1184||Y|1/1/1951||1184|218603|Credit
WSC_BS_ACCOUNT_NATURAL_SIGN|1185||Y|1/1/1951||1185|218604|Credit
WSC_BS_ACCOUNT_NATURAL_SIGN|1186||Y|1/1/1951||1186|218605|Credit
WSC_BS_ACCOUNT_NATURAL_SIGN|1187||Y|1/1/1951||1187|218606|Credit
WSC_BS_ACCOUNT_NATURAL_SIGN|1188||Y|1/1/1951||1188|218607|Credit
WSC_BS_ACCOUNT_NATURAL_SIGN|1189||Y|1/1/1951||1189|218608|Credit
WSC_BS_ACCOUNT_NATURAL_SIGN|1190||Y|1/1/1951||1190|218609|Credit
WSC_BS_ACCOUNT_NATURAL_SIGN|1191||Y|1/1/1951||1191|218610|Credit
WSC_BS_ACCOUNT_NATURAL_SIGN|1192||Y|1/1/1951||1192|218611|Credit
WSC_BS_ACCOUNT_NATURAL_SIGN|1193||Y|1/1/1951||1193|218612|Credit
WSC_BS_ACCOUNT_NATURAL_SIGN|1194||Y|1/1/1951||1194|218613|Credit
WSC_BS_ACCOUNT_NATURAL_SIGN|1195||Y|1/1/1951||1195|218614|Credit
WSC_BS_ACCOUNT_NATURAL_SIGN|1196||Y|1/1/1951||1196|218615|Credit
WSC_BS_ACCOUNT_NATURAL_SIGN|1197||Y|1/1/1951||1197|218616|Credit
WSC_BS_ACCOUNT_NATURAL_SIGN|1198||Y|1/1/1951||1198|218617|Credit
WSC_BS_ACCOUNT_NATURAL_SIGN|1199||Y|1/1/1951||1199|218618|Credit
WSC_BS_ACCOUNT_NATURAL_SIGN|1200||Y|1/1/1951||1200|218619|Credit
WSC_BS_ACCOUNT_NATURAL_SIGN|1201||Y|1/1/1951||1201|218620|Credit
WSC_BS_ACCOUNT_NATURAL_SIGN|1202||Y|1/1/1951||1202|218621|Credit
WSC_BS_ACCOUNT_NATURAL_SIGN|1203||Y|1/1/1951||1203|218622|Credit
WSC_BS_ACCOUNT_NATURAL_SIGN|1204||Y|1/1/1951||1204|218623|Credit
WSC_BS_ACCOUNT_NATURAL_SIGN|1205||Y|1/1/1951||1205|218624|Credit
WSC_BS_ACCOUNT_NATURAL_SIGN|1206||Y|1/1/1951||1206|218625|Credit
WSC_BS_ACCOUNT_NATURAL_SIGN|1207||Y|1/1/1951||1207|218626|Credit
WSC_BS_ACCOUNT_NATURAL_SIGN|1208||Y|1/1/1951||1208|218627|Credit
WSC_BS_ACCOUNT_NATURAL_SIGN|1209||Y|1/1/1951||1209|218628|Credit
WSC_BS_ACCOUNT_NATURAL_SIGN|1210||Y|1/1/1951||1210|218629|Credit
WSC_BS_ACCOUNT_NATURAL_SIGN|1211||Y|1/1/1951||1211|218630|Credit
WSC_BS_ACCOUNT_NATURAL_SIGN|1212||Y|1/1/1951||1212|218631|Credit
WSC_BS_ACCOUNT_NATURAL_SIGN|1213||Y|1/1/1951||1213|218632|Credit
WSC_BS_ACCOUNT_NATURAL_SIGN|1214||Y|1/1/1951||1214|218633|Credit
WSC_BS_ACCOUNT_NATURAL_SIGN|1215||Y|1/1/1951||1215|218634|Credit
WSC_BS_ACCOUNT_NATURAL_SIGN|1216||Y|1/1/1951||1216|218635|Credit
WSC_BS_ACCOUNT_NATURAL_SIGN|1217||Y|1/1/1951||1217|218636|Credit
WSC_BS_ACCOUNT_NATURAL_SIGN|1218||Y|1/1/1951||1218|218637|Credit
WSC_BS_ACCOUNT_NATURAL_SIGN|1219||Y|1/1/1951||1219|218639|Credit
WSC_BS_ACCOUNT_NATURAL_SIGN|1220||Y|1/1/1951||1220|218640|Credit
WSC_BS_ACCOUNT_NATURAL_SIGN|1221||Y|1/1/1951||1221|218641|Credit
WSC_BS_ACCOUNT_NATURAL_SIGN|1222||Y|1/1/1951||1222|218642|Credit
WSC_BS_ACCOUNT_NATURAL_SIGN|1223||Y|1/1/1951||1223|218643|Credit
WSC_BS_ACCOUNT_NATURAL_SIGN|1224||Y|1/1/1951||1224|218644|Credit
WSC_BS_ACCOUNT_NATURAL_SIGN|1225||Y|1/1/1951||1225|218645|Credit
WSC_BS_ACCOUNT_NATURAL_SIGN|1226||Y|1/1/1951||1226|218646|Credit
WSC_BS_ACCOUNT_NATURAL_SIGN|1227||Y|1/1/1951||1227|218647|Credit
WSC_BS_ACCOUNT_NATURAL_SIGN|1228||Y|1/1/1951||1228|218648|Credit
WSC_BS_ACCOUNT_NATURAL_SIGN|1229||Y|1/1/1951||1229|218701|Credit
WSC_BS_ACCOUNT_NATURAL_SIGN|1230||Y|1/1/1951||1230|218702|Credit
WSC_BS_ACCOUNT_NATURAL_SIGN|1231||Y|1/1/1951||1231|218703|Credit
WSC_BS_ACCOUNT_NATURAL_SIGN|1232||Y|1/1/1951||1232|218704|Credit
WSC_BS_ACCOUNT_NATURAL_SIGN|1233||Y|1/1/1951||1233|218705|Credit
WSC_BS_ACCOUNT_NATURAL_SIGN|1234||Y|1/1/1951||1234|218706|Credit
WSC_BS_ACCOUNT_NATURAL_SIGN|1235||Y|1/1/1951||1235|218707|Credit
WSC_BS_ACCOUNT_NATURAL_SIGN|1236||Y|1/1/1951||1236|218708|Credit
WSC_BS_ACCOUNT_NATURAL_SIGN|1237||Y|1/1/1951||1237|218709|Credit
WSC_BS_ACCOUNT_NATURAL_SIGN|1238||Y|1/1/1951||1238|218710|Credit
WSC_BS_ACCOUNT_NATURAL_SIGN|1239||Y|1/1/1951||1239|218711|Credit
WSC_BS_ACCOUNT_NATURAL_SIGN|1240||Y|1/1/1951||1240|218712|Credit
WSC_BS_ACCOUNT_NATURAL_SIGN|1241||Y|1/1/1951||1241|218713|Credit
WSC_BS_ACCOUNT_NATURAL_SIGN|1242||Y|1/1/1951||1242|218714|Credit
WSC_BS_ACCOUNT_NATURAL_SIGN|1243||Y|1/1/1951||1243|218715|Credit
WSC_BS_ACCOUNT_NATURAL_SIGN|1244||Y|1/1/1951||1244|218716|Credit
WSC_BS_ACCOUNT_NATURAL_SIGN|1245||Y|1/1/1951||1245|218717|Credit
WSC_BS_ACCOUNT_NATURAL_SIGN|1246||Y|1/1/1951||1246|218718|Credit
WSC_BS_ACCOUNT_NATURAL_SIGN|1247||Y|1/1/1951||1247|218719|Credit
WSC_BS_ACCOUNT_NATURAL_SIGN|1248||Y|1/1/1951||1248|218720|Credit
WSC_BS_ACCOUNT_NATURAL_SIGN|1249||Y|1/1/1951||1249|218721|Credit
WSC_BS_ACCOUNT_NATURAL_SIGN|1250||Y|1/1/1951||1250|218722|Credit
WSC_BS_ACCOUNT_NATURAL_SIGN|1251||Y|1/1/1951||1251|218723|Credit
WSC_BS_ACCOUNT_NATURAL_SIGN|1252||Y|1/1/1951||1252|218724|Credit
WSC_BS_ACCOUNT_NATURAL_SIGN|1253||Y|1/1/1951||1253|218725|Credit
WSC_BS_ACCOUNT_NATURAL_SIGN|1254||Y|1/1/1951||1254|218726|Credit
WSC_BS_ACCOUNT_NATURAL_SIGN|1255||Y|1/1/1951||1255|218727|Credit
WSC_BS_ACCOUNT_NATURAL_SIGN|1256||Y|1/1/1951||1256|218728|Credit
WSC_BS_ACCOUNT_NATURAL_SIGN|1257||Y|1/1/1951||1257|218729|Credit
WSC_BS_ACCOUNT_NATURAL_SIGN|1258||Y|1/1/1951||1258|218730|Credit
WSC_BS_ACCOUNT_NATURAL_SIGN|1259||Y|1/1/1951||1259|218731|Credit
WSC_BS_ACCOUNT_NATURAL_SIGN|1260||Y|1/1/1951||1260|218732|Credit
WSC_BS_ACCOUNT_NATURAL_SIGN|1261||Y|1/1/1951||1261|218733|Credit
WSC_BS_ACCOUNT_NATURAL_SIGN|1262||Y|1/1/1951||1262|218734|Credit
WSC_BS_ACCOUNT_NATURAL_SIGN|1263||Y|1/1/1951||1263|218735|Credit
WSC_BS_ACCOUNT_NATURAL_SIGN|1264||Y|1/1/1951||1264|218736|Credit
WSC_BS_ACCOUNT_NATURAL_SIGN|1265||Y|1/1/1951||1265|218737|Credit
WSC_BS_ACCOUNT_NATURAL_SIGN|1266||Y|1/1/1951||1266|218738|Credit
WSC_BS_ACCOUNT_NATURAL_SIGN|1267||Y|1/1/1951||1267|218739|Credit
WSC_BS_ACCOUNT_NATURAL_SIGN|1268||Y|1/1/1951||1268|218740|Credit
WSC_BS_ACCOUNT_NATURAL_SIGN|1269||Y|1/1/1951||1269|218741|Credit
WSC_BS_ACCOUNT_NATURAL_SIGN|1270||Y|1/1/1951||1270|218742|Credit
WSC_BS_ACCOUNT_NATURAL_SIGN|1271||Y|1/1/1951||1271|218743|Credit
WSC_BS_ACCOUNT_NATURAL_SIGN|1272||Y|1/1/1951||1272|218744|Credit
WSC_BS_ACCOUNT_NATURAL_SIGN|1273||Y|1/1/1951||1273|218745|Credit
WSC_BS_ACCOUNT_NATURAL_SIGN|1274||Y|1/1/1951||1274|218746|Credit
WSC_BS_ACCOUNT_NATURAL_SIGN|1275||Y|1/1/1951||1275|218747|Credit
WSC_BS_ACCOUNT_NATURAL_SIGN|1276||Y|1/1/1951||1276|218748|Credit
WSC_BS_ACCOUNT_NATURAL_SIGN|1277||Y|1/1/1951||1277|218749|Credit
WSC_BS_ACCOUNT_NATURAL_SIGN|1278||Y|1/1/1951||1278|218750|Credit
WSC_BS_ACCOUNT_NATURAL_SIGN|1279||Y|1/1/1951||1279|218751|Credit
WSC_BS_ACCOUNT_NATURAL_SIGN|1280||Y|1/1/1951||1280|218752|Credit
WSC_BS_ACCOUNT_NATURAL_SIGN|1281||Y|1/1/1951||1281|218753|Credit
WSC_BS_ACCOUNT_NATURAL_SIGN|1282||Y|1/1/1951||1282|218754|Credit
WSC_BS_ACCOUNT_NATURAL_SIGN|1283||Y|1/1/1951||1283|218755|Credit
WSC_BS_ACCOUNT_NATURAL_SIGN|1284||Y|1/1/1951||1284|218756|Credit
WSC_BS_ACCOUNT_NATURAL_SIGN|1285||Y|1/1/1951||1285|218757|Credit
WSC_BS_ACCOUNT_NATURAL_SIGN|1286||Y|1/1/1951||1286|218758|Credit
WSC_BS_ACCOUNT_NATURAL_SIGN|1287||Y|1/1/1951||1287|218759|Credit
WSC_BS_ACCOUNT_NATURAL_SIGN|1288||Y|1/1/1951||1288|218760|Credit
WSC_BS_ACCOUNT_NATURAL_SIGN|1289||Y|1/1/1951||1289|218761|Credit
WSC_BS_ACCOUNT_NATURAL_SIGN|1290||Y|1/1/1951||1290|218762|Credit
WSC_BS_ACCOUNT_NATURAL_SIGN|1291||Y|1/1/1951||1291|218763|Credit
WSC_BS_ACCOUNT_NATURAL_SIGN|1292||Y|1/1/1951||1292|218650|Credit
WSC_BS_ACCOUNT_NATURAL_SIGN|1293||Y|1/1/1951||1293|218800|Credit
WSC_BS_ACCOUNT_NATURAL_SIGN|1294||Y|1/1/1951||1294|218801|Credit
WSC_BS_ACCOUNT_NATURAL_SIGN|1295||Y|1/1/1951||1295|218802|Credit
WSC_BS_ACCOUNT_NATURAL_SIGN|1296||Y|1/1/1951||1296|218805|Credit
WSC_BS_ACCOUNT_NATURAL_SIGN|1297||Y|1/1/1951||1297|218806|Credit
WSC_BS_ACCOUNT_NATURAL_SIGN|1298||Y|1/1/1951||1298|218807|Credit
WSC_BS_ACCOUNT_NATURAL_SIGN|1299||Y|1/1/1951||1299|218808|Credit
WSC_BS_ACCOUNT_NATURAL_SIGN|1300||Y|1/1/1951||1300|218809|Credit
WSC_BS_ACCOUNT_NATURAL_SIGN|1301||Y|1/1/1951||1301|218810|Credit
WSC_BS_ACCOUNT_NATURAL_SIGN|1302||Y|1/1/1951||1302|218811|Credit
WSC_BS_ACCOUNT_NATURAL_SIGN|1303||Y|1/1/1951||1303|218812|Credit
WSC_BS_ACCOUNT_NATURAL_SIGN|1304||Y|1/1/1951||1304|218813|Credit
WSC_BS_ACCOUNT_NATURAL_SIGN|1305||Y|1/1/1951||1305|218814|Credit
WSC_BS_ACCOUNT_NATURAL_SIGN|1306||Y|1/1/1951||1306|218815|Credit
WSC_BS_ACCOUNT_NATURAL_SIGN|1307||Y|1/1/1951||1307|218816|Credit
WSC_BS_ACCOUNT_NATURAL_SIGN|1308||Y|1/1/1951||1308|218817|Credit
WSC_BS_ACCOUNT_NATURAL_SIGN|1309||Y|1/1/1951||1309|218818|Credit
WSC_BS_ACCOUNT_NATURAL_SIGN|1310||Y|1/1/1951||1310|218819|Credit
WSC_BS_ACCOUNT_NATURAL_SIGN|1311||Y|1/1/1951||1311|218820|Credit
WSC_BS_ACCOUNT_NATURAL_SIGN|1312||Y|1/1/1951||1312|218821|Credit
WSC_BS_ACCOUNT_NATURAL_SIGN|1313||Y|1/1/1951||1313|218822|Credit
WSC_BS_ACCOUNT_NATURAL_SIGN|1314||Y|1/1/1951||1314|218823|Credit
WSC_BS_ACCOUNT_NATURAL_SIGN|1315||Y|1/1/1951||1315|218824|Credit
WSC_BS_ACCOUNT_NATURAL_SIGN|1316||Y|1/1/1951||1316|218825|Credit
WSC_BS_ACCOUNT_NATURAL_SIGN|1317||Y|1/1/1951||1317|220000|Credit
WSC_BS_ACCOUNT_NATURAL_SIGN|1318||Y|1/1/1951||1318|221000|Credit
WSC_BS_ACCOUNT_NATURAL_SIGN|1319||Y|1/1/1951||1319|221001|Credit
WSC_BS_ACCOUNT_NATURAL_SIGN|1320||Y|1/1/1951||1320|221002|Credit
WSC_BS_ACCOUNT_NATURAL_SIGN|1321||Y|1/1/1951||1321|221003|Credit
WSC_BS_ACCOUNT_NATURAL_SIGN|1322||Y|1/1/1951||1322|221004|Credit
WSC_BS_ACCOUNT_NATURAL_SIGN|1323||Y|1/1/1951||1323|221005|Credit
WSC_BS_ACCOUNT_NATURAL_SIGN|1324||Y|1/1/1951||1324|221006|Credit
WSC_BS_ACCOUNT_NATURAL_SIGN|1325||Y|1/1/1951||1325|221007|Credit
WSC_BS_ACCOUNT_NATURAL_SIGN|1326||Y|1/1/1951||1326|221008|Credit
WSC_BS_ACCOUNT_NATURAL_SIGN|1327||Y|1/1/1951||1327|221009|Credit
WSC_BS_ACCOUNT_NATURAL_SIGN|1328||Y|1/1/1951||1328|221010|Credit
WSC_BS_ACCOUNT_NATURAL_SIGN|1329||Y|1/1/1951||1329|221011|Flux
WSC_BS_ACCOUNT_NATURAL_SIGN|1330||Y|1/1/1951||1330|221012|Credit
WSC_BS_ACCOUNT_NATURAL_SIGN|1331||Y|1/1/1951||1331|221013|Flux
WSC_BS_ACCOUNT_NATURAL_SIGN|1332||Y|1/1/1951||1332|221019|Credit
WSC_BS_ACCOUNT_NATURAL_SIGN|1333||Y|1/1/1951||1333|221020|Credit
WSC_BS_ACCOUNT_NATURAL_SIGN|1334||Y|1/1/1951||1334|221021|Credit
WSC_BS_ACCOUNT_NATURAL_SIGN|1335||Y|1/1/1951||1335|221022|Credit
WSC_BS_ACCOUNT_NATURAL_SIGN|1336||Y|1/1/1951||1336|221023|Credit
WSC_BS_ACCOUNT_NATURAL_SIGN|1337||Y|1/1/1951||1337|221024|Credit
WSC_BS_ACCOUNT_NATURAL_SIGN|1338||Y|1/1/1951||1338|221025|Credit
WSC_BS_ACCOUNT_NATURAL_SIGN|1339||Y|1/1/1951||1339|221026|Credit
WSC_BS_ACCOUNT_NATURAL_SIGN|1340||Y|1/1/1951||1340|221027|Credit
WSC_BS_ACCOUNT_NATURAL_SIGN|1341||Y|1/1/1951||1341|221028|Credit
WSC_BS_ACCOUNT_NATURAL_SIGN|1342||Y|1/1/1951||1342|221033|Credit
WSC_BS_ACCOUNT_NATURAL_SIGN|1343||Y|1/1/1951||1343|221037|Credit
WSC_BS_ACCOUNT_NATURAL_SIGN|1344||Y|1/1/1951||1344|221038|Credit
WSC_BS_ACCOUNT_NATURAL_SIGN|1345||Y|1/1/1951||1345|221044|Credit
WSC_BS_ACCOUNT_NATURAL_SIGN|1346||Y|1/1/1951||1346|221047|Credit
WSC_BS_ACCOUNT_NATURAL_SIGN|1347||Y|1/1/1951||1347|221048|Credit
WSC_BS_ACCOUNT_NATURAL_SIGN|1348||Y|1/1/1951||1348|221052|Credit
WSC_BS_ACCOUNT_NATURAL_SIGN|1349||Y|1/1/1951||1349|221056|Credit
WSC_BS_ACCOUNT_NATURAL_SIGN|1350||Y|1/1/1951||1350|221057|Credit
WSC_BS_ACCOUNT_NATURAL_SIGN|1351||Y|1/1/1951||1351|221058|Credit
WSC_BS_ACCOUNT_NATURAL_SIGN|1352||Y|1/1/1951||1352|222000|Credit
WSC_BS_ACCOUNT_NATURAL_SIGN|1353||Y|1/1/1951||1353|222001|Credit
WSC_BS_ACCOUNT_NATURAL_SIGN|1354||Y|1/1/1951||1354|222002|Credit
WSC_BS_ACCOUNT_NATURAL_SIGN|1355||Y|1/1/1951||1355|222003|Credit
WSC_BS_ACCOUNT_NATURAL_SIGN|1356||Y|1/1/1951||1356|222004|Credit
WSC_BS_ACCOUNT_NATURAL_SIGN|1357||Y|1/1/1951||1357|222005|Credit
WSC_BS_ACCOUNT_NATURAL_SIGN|1358||Y|1/1/1951||1358|222006|Credit
WSC_BS_ACCOUNT_NATURAL_SIGN|1359||Y|1/1/1951||1359|222007|Credit
WSC_BS_ACCOUNT_NATURAL_SIGN|1360||Y|1/1/1951||1360|222008|Credit
WSC_BS_ACCOUNT_NATURAL_SIGN|1361||Y|1/1/1951||1361|223000|Credit
WSC_BS_ACCOUNT_NATURAL_SIGN|1362||Y|1/1/1951||1362|223001|Credit
WSC_BS_ACCOUNT_NATURAL_SIGN|1363||Y|1/1/1951||1363|223002|Credit
WSC_BS_ACCOUNT_NATURAL_SIGN|1364||Y|1/1/1951||1364|224000|Credit
WSC_BS_ACCOUNT_NATURAL_SIGN|1365||Y|1/1/1951||1365|224001|Credit
WSC_BS_ACCOUNT_NATURAL_SIGN|1366||Y|1/1/1951||1366|224002|Credit
WSC_BS_ACCOUNT_NATURAL_SIGN|1367||Y|1/1/1951||1367|224003|Credit
WSC_BS_ACCOUNT_NATURAL_SIGN|1368||Y|1/1/1951||1368|224004|Credit
WSC_BS_ACCOUNT_NATURAL_SIGN|1369||Y|1/1/1951||1369|224005|Credit
WSC_BS_ACCOUNT_NATURAL_SIGN|1370||Y|1/1/1951||1370|224006|Credit
WSC_BS_ACCOUNT_NATURAL_SIGN|1371||Y|1/1/1951||1371|225000|Credit
WSC_BS_ACCOUNT_NATURAL_SIGN|1372||Y|1/1/1951||1372|225002|Credit
WSC_BS_ACCOUNT_NATURAL_SIGN|1373||Y|1/1/1951||1373|226000|Credit
WSC_BS_ACCOUNT_NATURAL_SIGN|1374||Y|1/1/1951||1374|226001|Credit
WSC_BS_ACCOUNT_NATURAL_SIGN|1375||Y|1/1/1951||1375|226002|Credit
WSC_BS_ACCOUNT_NATURAL_SIGN|1376||Y|1/1/1951||1376|226003|Credit
WSC_BS_ACCOUNT_NATURAL_SIGN|1377||Y|1/1/1951||1377|226004|Credit
WSC_BS_ACCOUNT_NATURAL_SIGN|1378||Y|1/1/1951||1378|226005|Credit
WSC_BS_ACCOUNT_NATURAL_SIGN|1379||Y|1/1/1951||1379|226006|Credit
